2026-09-11 19:40:25.777 [background-preinit] INFO  o.h.validator.internal.util.Version - HV000001: Hibernate Validator 8.0.2.Final
2026-09-11 19:40:25.812 [main] INFO  com.miqu.MiquApplication - Starting MiquApplication v1.0.0 using Java 25 with PID 15068 (D:\Projects\Miqu\backend\target\miqu-backend-1.0.0.jar started by 张志鹏 in D:\Projects\Miqu\backend)
2026-09-11 19:40:25.813 [main] DEBUG com.miqu.MiquApplication - Running with Spring Boot v3.4.7, Spring v6.2.8
2026-09-11 19:40:25.814 [main] INFO  com.miqu.MiquApplication - No active profile set, falling back to 1 default profile: "default"
2026-09-11 19:40:26.630 [main] INFO  o.s.b.w.e.tomcat.TomcatWebServer - Tomcat initialized with port 8081 (http)
2026-09-11 19:40:26.639 [main] INFO  o.a.coyote.http11.Http11NioProtocol - Initializing ProtocolHandler ["http-nio-8081"]
2026-09-11 19:40:26.641 [main] INFO  o.a.catalina.core.StandardService - Starting service [Tomcat]
2026-09-11 19:40:26.641 [main] INFO  o.a.catalina.core.StandardEngine - Starting Servlet engine: [Apache Tomcat/10.1.42]
2026-09-11 19:40:26.669 [main] INFO  o.a.c.c.C.[Tomcat].[localhost].[/] - Initializing Spring embedded WebApplicationContext
2026-09-11 19:40:26.669 [main] INFO  o.s.b.w.s.c.ServletWebServerApplicationContext - Root WebApplicationContext: initialization completed in 828 ms
2026-09-11 19:40:26.967 [main] DEBUG c.m.security.JwtAuthenticationFilter - Filter 'jwtAuthenticationFilter' configured for use
2026-09-11 19:40:27.443 [main] WARN  o.s.w.s.r.ResourceHandlerUtils - Appended trailing slash to static resource location: file:///D:/Projects/Miqu/backend/uploads/
2026-09-11 19:40:27.645 [main] INFO  o.a.coyote.http11.Http11NioProtocol - Starting ProtocolHandler ["http-nio-8081"]
2026-09-11 19:40:27.673 [main] INFO  o.s.b.w.e.tomcat.TomcatWebServer - Tomcat started on port 8081 (http) with context path '/'
2026-09-11 19:40:27.681 [main] INFO  com.miqu.MiquApplication - Started MiquApplication in 2.228 seconds (process running for 2.478)
2026-09-11 19:40:27.683 [main] INFO  com.miqu.MiquApplication - 
----------------------------------------------------------
  Miqu 觅取社交系统启动完成
  接口文档: http://localhost:8081/swagger-ui.html
  健康检查: http://localhost:8081/api/health
----------------------------------------------------------
2026-09-11 19:41:16.681 [http-nio-8081-exec-1] INFO  o.a.c.c.C.[Tomcat].[localhost].[/] - Initializing Spring DispatcherServlet 'dispatcherServlet'
2026-09-11 19:41:16.681 [http-nio-8081-exec-1] INFO  o.s.web.servlet.DispatcherServlet - Initializing Servlet 'dispatcherServlet'
2026-09-11 19:41:16.681 [http-nio-8081-exec-1] INFO  o.s.web.servlet.DispatcherServlet - Completed initialization in 0 ms
2026-09-11 19:41:17.006 [http-nio-8081-exec-2] INFO  com.zaxxer.hikari.HikariDataSource - MiquHikariPool - Starting...
2026-09-11 19:41:17.167 [http-nio-8081-exec-2] INFO  com.zaxxer.hikari.pool.HikariPool - MiquHikariPool - Added connection com.mysql.cj.jdbc.ConnectionImpl@6cbeb6b7
2026-09-11 19:41:17.169 [http-nio-8081-exec-2] INFO  com.zaxxer.hikari.HikariDataSource - MiquHikariPool - Start completed.
2026-09-11 19:41:17.381 [http-nio-8081-exec-2] INFO  c.miqu.service.impl.AuthServiceImpl - 用户登录成功: userId=2, username=test001
2026-09-11 19:41:30.848 [http-nio-8081-exec-7] INFO  c.miqu.service.impl.AuthServiceImpl - 用户注册成功: userId=22, username=browser194130
2026-09-11 19:41:30.991 [http-nio-8081-exec-3] INFO  c.miqu.service.impl.AuthServiceImpl - 用户登录成功: userId=22, username=browser194130
2026-09-11 19:41:31.132 [http-nio-8081-exec-9] INFO  c.miqu.service.impl.PostServiceImpl - 发布动态: postId=41, userId=22, imageCount=0
2026-09-11 19:41:31.467 [http-nio-8081-exec-4] INFO  c.miqu.service.impl.AuthServiceImpl - 用户登录成功: userId=2, username=test001
2026-09-11 19:41:31.571 [http-nio-8081-exec-1] DEBUG c.m.s.impl.NotificationServiceImpl - 生成通知: type=2, receiverId=22, actorId=2, postId=41
2026-09-11 19:41:31.571 [http-nio-8081-exec-1] INFO  c.miqu.service.impl.PostServiceImpl - 点赞: postId=41, userId=2
2026-09-11 19:41:31.707 [http-nio-8081-exec-2] DEBUG c.m.s.impl.NotificationServiceImpl - 生成通知: type=3, receiverId=22, actorId=2, postId=41
2026-09-11 19:41:31.707 [http-nio-8081-exec-2] INFO  c.m.service.impl.CommentServiceImpl - 发表评论: commentId=133, postId=41, userId=2
2026-09-11 19:41:31.964 [http-nio-8081-exec-5] DEBUG c.m.s.impl.NotificationServiceImpl - 生成通知: type=1, receiverId=2, actorId=22, postId=null
2026-09-11 19:41:31.964 [http-nio-8081-exec-5] INFO  c.m.service.impl.FollowServiceImpl - 关注成功: followerId=22, followingId=2
2026-09-11 19:41:32.203 [http-nio-8081-exec-7] INFO  c.m.service.impl.MessageServiceImpl - 发送私信: messageId=74, conversationId=6, senderId=22, receiverId=2
2026-09-11 19:41:42.896 [http-nio-8081-exec-4] INFO  c.miqu.service.impl.AuthServiceImpl - 用户登录成功: userId=1, username=admin
2026-09-11 19:41:43.027 [http-nio-8081-exec-1] INFO  c.miqu.service.impl.AuthServiceImpl - 用户登录成功: userId=2, username=test001
2026-09-11 19:41:43.116 [http-nio-8081-exec-2] DEBUG c.m.exception.GlobalExceptionHandler - 业务异常 [GET] /api/admin/stats -> 无权限执行该操作
2026-09-11 19:41:43.173 [http-nio-8081-exec-8] DEBUG c.m.exception.GlobalExceptionHandler - 业务异常 [GET] /api/admin/stats -> 未登录或登录状态已失效
2026-09-11 19:41:43.551 [http-nio-8081-exec-7] INFO  c.miqu.service.impl.PostServiceImpl - 删除动态: postId=11, operatorId=1, 作者=19, 管理员=true
2026-09-11 19:41:43.557 [http-nio-8081-exec-7] INFO  c.m.service.impl.AdminLogServiceImpl - 管理员操作: adminId=1, type=HANDLE_REPORT, target=(4, 1), ip=0:0:0:0:0:0:0:1
2026-09-11 19:41:43.557 [http-nio-8081-exec-7] INFO  c.m.service.impl.ReportServiceImpl - 处理举报: reportId=1, adminId=1, status=1, action=DELETE_POST
2026-09-11 19:41:43.617 [http-nio-8081-exec-3] DEBUG c.m.exception.GlobalExceptionHandler - 业务异常 [GET] /api/posts/11 -> 动态不存在或已被删除
2026-09-11 19:41:43.888 [http-nio-8081-exec-1] INFO  c.miqu.service.impl.UserServiceImpl - 修改用户状态: targetUserId=22, status=0, operatorId=1
2026-09-11 19:41:43.890 [http-nio-8081-exec-1] INFO  c.m.service.impl.AdminLogServiceImpl - 管理员操作: adminId=1, type=DISABLE_USER, target=(1, 22), ip=0:0:0:0:0:0:0:1
2026-09-11 19:41:43.961 [http-nio-8081-exec-2] INFO  c.miqu.service.impl.UserServiceImpl - 修改用户状态: targetUserId=22, status=1, operatorId=1
2026-09-11 19:41:43.963 [http-nio-8081-exec-2] INFO  c.m.service.impl.AdminLogServiceImpl - 管理员操作: adminId=1, type=ENABLE_USER, target=(1, 22), ip=0:0:0:0:0:0:0:1
2026-09-11 19:41:44.024 [http-nio-8081-exec-8] DEBUG c.m.exception.GlobalExceptionHandler - 业务异常 [PUT] /api/admin/users/1/status -> 不能对自己执行该操作
2026-09-11 19:42:11.595 [background-preinit] INFO  o.h.validator.internal.util.Version - HV000001: Hibernate Validator 8.0.2.Final
2026-09-11 19:42:11.624 [main] INFO  com.miqu.MiquApplication - Starting MiquApplication v1.0.0 using Java 25 with PID 23840 (D:\Projects\Miqu\backend\target\miqu-backend-1.0.0.jar started by 张志鹏 in D:\Projects\Miqu\backend)
2026-09-11 19:42:11.626 [main] DEBUG com.miqu.MiquApplication - Running with Spring Boot v3.4.7, Spring v6.2.8
2026-09-11 19:42:11.626 [main] INFO  com.miqu.MiquApplication - No active profile set, falling back to 1 default profile: "default"
2026-09-11 19:42:12.513 [main] INFO  o.s.b.w.e.tomcat.TomcatWebServer - Tomcat initialized with port 8081 (http)
2026-09-11 19:42:12.523 [main] INFO  o.a.coyote.http11.Http11NioProtocol - Initializing ProtocolHandler ["http-nio-8081"]
2026-09-11 19:42:12.525 [main] INFO  o.a.catalina.core.StandardService - Starting service [Tomcat]
2026-09-11 19:42:12.525 [main] INFO  o.a.catalina.core.StandardEngine - Starting Servlet engine: [Apache Tomcat/10.1.42]
2026-09-11 19:42:12.551 [main] INFO  o.a.c.c.C.[Tomcat].[localhost].[/] - Initializing Spring embedded WebApplicationContext
2026-09-11 19:42:12.551 [main] INFO  o.s.b.w.s.c.ServletWebServerApplicationContext - Root WebApplicationContext: initialization completed in 894 ms
2026-09-11 19:42:12.881 [main] DEBUG c.m.security.JwtAuthenticationFilter - Filter 'jwtAuthenticationFilter' configured for use
2026-09-11 19:42:13.411 [main] WARN  o.s.w.s.r.ResourceHandlerUtils - Appended trailing slash to static resource location: file:///D:/Projects/Miqu/backend/uploads/
2026-09-11 19:42:13.618 [main] INFO  o.a.coyote.http11.Http11NioProtocol - Starting ProtocolHandler ["http-nio-8081"]
2026-09-11 19:42:13.649 [main] INFO  o.s.b.w.e.tomcat.TomcatWebServer - Tomcat started on port 8081 (http) with context path '/'
2026-09-11 19:42:13.656 [main] INFO  com.miqu.MiquApplication - Started MiquApplication in 2.408 seconds (process running for 2.671)
2026-09-11 19:42:13.658 [main] INFO  com.miqu.MiquApplication - 
----------------------------------------------------------
  Miqu 觅取社交系统启动完成
  接口文档: http://localhost:8081/swagger-ui.html
  健康检查: http://localhost:8081/api/health
----------------------------------------------------------
2026-09-11 19:42:41.519 [http-nio-8081-exec-1] INFO  o.a.c.c.C.[Tomcat].[localhost].[/] - Initializing Spring DispatcherServlet 'dispatcherServlet'
2026-09-11 19:42:41.519 [http-nio-8081-exec-1] INFO  o.s.web.servlet.DispatcherServlet - Initializing Servlet 'dispatcherServlet'
2026-09-11 19:42:41.520 [http-nio-8081-exec-1] INFO  o.s.web.servlet.DispatcherServlet - Completed initialization in 1 ms
2026-09-11 19:42:43.176 [http-nio-8081-exec-5] INFO  o.s.api.AbstractOpenApiResource - Init duration for springdoc-openapi is: 1379 ms
2026-09-11 19:42:43.625 [http-nio-8081-exec-8] INFO  com.zaxxer.hikari.HikariDataSource - MiquHikariPool - Starting...
2026-09-11 19:42:43.786 [http-nio-8081-exec-8] INFO  com.zaxxer.hikari.pool.HikariPool - MiquHikariPool - Added connection com.mysql.cj.jdbc.ConnectionImpl@4c31cffd
2026-09-11 19:42:43.786 [http-nio-8081-exec-8] INFO  com.zaxxer.hikari.HikariDataSource - MiquHikariPool - Start completed.
2026-09-11 19:42:43.969 [http-nio-8081-exec-8] INFO  c.miqu.service.impl.AuthServiceImpl - 用户登录成功: userId=2, username=test001
2026-09-11 19:42:56.073 [background-preinit] INFO  o.h.validator.internal.util.Version - HV000001: Hibernate Validator 8.0.2.Final
2026-09-11 19:42:56.105 [main] INFO  c.miqu.admin.AdminAccessControlTest - Starting AdminAccessControlTest using Java 21.0.11 with PID 17148 (started by 张志鹏 in D:\Projects\Miqu\backend)
2026-09-11 19:42:56.106 [main] DEBUG c.miqu.admin.AdminAccessControlTest - Running with Spring Boot v3.4.7, Spring v6.2.8
2026-09-11 19:42:56.107 [main] INFO  c.miqu.admin.AdminAccessControlTest - No active profile set, falling back to 1 default profile: "default"
2026-09-11 19:42:58.227 [main] WARN  o.s.w.s.r.ResourceHandlerUtils - Appended trailing slash to static resource location: file:///D:/Projects/Miqu/backend/uploads/
2026-09-11 19:42:58.760 [main] DEBUG c.m.security.JwtAuthenticationFilter - Filter 'jwtAuthenticationFilter' configured for use
2026-09-11 19:42:58.762 [main] INFO  o.s.b.t.m.w.SpringBootMockServletContext - Initializing Spring TestDispatcherServlet ''
2026-09-11 19:42:58.762 [main] INFO  o.s.t.w.s.TestDispatcherServlet - Initializing Servlet ''
2026-09-11 19:42:58.764 [main] INFO  o.s.t.w.s.TestDispatcherServlet - Completed initialization in 2 ms
2026-09-11 19:42:58.807 [main] INFO  c.miqu.admin.AdminAccessControlTest - Started AdminAccessControlTest in 3.025 seconds (process running for 3.851)
2026-09-11 19:42:58.850 [main] INFO  com.zaxxer.hikari.HikariDataSource - MiquHikariPool - Starting...
2026-09-11 19:42:59.047 [main] INFO  com.zaxxer.hikari.pool.HikariPool - MiquHikariPool - Added connection com.mysql.cj.jdbc.ConnectionImpl@672d8370
2026-09-11 19:42:59.050 [main] INFO  com.zaxxer.hikari.HikariDataSource - MiquHikariPool - Start completed.
2026-09-11 19:43:00.114 [main] INFO  c.miqu.service.impl.AuthServiceImpl - 用户登录成功: userId=2, username=test001
2026-09-11 19:43:00.157 [main] DEBUG c.m.exception.GlobalExceptionHandler - 业务异常 [GET] /api/admin/stats -> 未登录或登录状态已失效
2026-09-11 19:43:00.215 [main] DEBUG c.m.exception.GlobalExceptionHandler - 业务异常 [GET] /api/admin/stats -> 无权限执行该操作
2026-09-11 19:43:00.357 [main] INFO  c.miqu.service.impl.AuthServiceImpl - 用户登录成功: userId=2, username=test001
2026-09-11 19:43:00.363 [main] DEBUG c.m.exception.GlobalExceptionHandler - 业务异常 [GET] /api/admin/stats -> 无权限执行该操作
2026-09-11 19:43:00.402 [main] DEBUG c.m.exception.GlobalExceptionHandler - 业务异常 [GET] /api/admin/users -> 无权限执行该操作
2026-09-11 19:43:00.406 [main] DEBUG c.m.exception.GlobalExceptionHandler - 业务异常 [GET] /api/admin/users/2 -> 无权限执行该操作
2026-09-11 19:43:00.409 [main] DEBUG c.m.exception.GlobalExceptionHandler - 业务异常 [PUT] /api/admin/users/2/status -> 无权限执行该操作
2026-09-11 19:43:00.412 [main] DEBUG c.m.exception.GlobalExceptionHandler - 业务异常 [GET] /api/admin/posts -> 无权限执行该操作
2026-09-11 19:43:00.414 [main] DEBUG c.m.exception.GlobalExceptionHandler - 业务异常 [DELETE] /api/admin/posts/1 -> 无权限执行该操作
2026-09-11 19:43:00.417 [main] DEBUG c.m.exception.GlobalExceptionHandler - 业务异常 [GET] /api/admin/comments -> 无权限执行该操作
2026-09-11 19:43:00.419 [main] DEBUG c.m.exception.GlobalExceptionHandler - 业务异常 [DELETE] /api/admin/comments/1 -> 无权限执行该操作
2026-09-11 19:43:00.421 [main] DEBUG c.m.exception.GlobalExceptionHandler - 业务异常 [GET] /api/admin/reports -> 无权限执行该操作
2026-09-11 19:43:00.424 [main] DEBUG c.m.exception.GlobalExceptionHandler - 业务异常 [PUT] /api/admin/reports/1/handle -> 无权限执行该操作
2026-09-11 19:43:00.427 [main] DEBUG c.m.exception.GlobalExceptionHandler - 业务异常 [GET] /api/admin/logs -> 无权限执行该操作
2026-09-11 19:43:00.436 [main] DEBUG c.m.exception.GlobalExceptionHandler - 业务异常 [GET] /api/admin/stats -> 未登录或登录状态已失效
2026-09-11 19:43:00.437 [main] DEBUG c.m.exception.GlobalExceptionHandler - 业务异常 [GET] /api/admin/users -> 未登录或登录状态已失效
2026-09-11 19:43:00.440 [main] DEBUG c.m.exception.GlobalExceptionHandler - 业务异常 [GET] /api/admin/users/2 -> 未登录或登录状态已失效
2026-09-11 19:43:00.440 [main] DEBUG c.m.exception.GlobalExceptionHandler - 业务异常 [PUT] /api/admin/users/2/status -> 未登录或登录状态已失效
2026-09-11 19:43:00.443 [main] DEBUG c.m.exception.GlobalExceptionHandler - 业务异常 [GET] /api/admin/posts -> 未登录或登录状态已失效
2026-09-11 19:43:00.445 [main] DEBUG c.m.exception.GlobalExceptionHandler - 业务异常 [DELETE] /api/admin/posts/1 -> 未登录或登录状态已失效
2026-09-11 19:43:00.447 [main] DEBUG c.m.exception.GlobalExceptionHandler - 业务异常 [GET] /api/admin/comments -> 未登录或登录状态已失效
2026-09-11 19:43:00.448 [main] DEBUG c.m.exception.GlobalExceptionHandler - 业务异常 [DELETE] /api/admin/comments/1 -> 未登录或登录状态已失效
2026-09-11 19:43:00.449 [main] DEBUG c.m.exception.GlobalExceptionHandler - 业务异常 [GET] /api/admin/reports -> 未登录或登录状态已失效
2026-09-11 19:43:00.450 [main] DEBUG c.m.exception.GlobalExceptionHandler - 业务异常 [PUT] /api/admin/reports/1/handle -> 未登录或登录状态已失效
2026-09-11 19:43:00.453 [main] DEBUG c.m.exception.GlobalExceptionHandler - 业务异常 [GET] /api/admin/logs -> 未登录或登录状态已失效
2026-09-11 19:43:00.530 [main] INFO  c.miqu.service.impl.AuthServiceImpl - 用户登录成功: userId=1, username=admin
2026-09-11 19:43:00.576 [main] INFO  o.s.t.c.s.AnnotationConfigContextLoaderUtils - Could not detect default configuration classes for test class [com.miqu.admin.AdminContentControllerTest]: AdminContentControllerTest does not declare any static, non-private, non-final, nested classes annotated with @Configuration.
2026-09-11 19:43:00.581 [main] INFO  o.s.b.t.c.SpringBootTestContextBootstrapper - Found @SpringBootConfiguration com.miqu.MiquApplication for test class com.miqu.admin.AdminContentControllerTest
2026-09-11 19:43:00.680 [main] INFO  c.miqu.service.impl.AuthServiceImpl - 用户登录成功: userId=1, username=admin
2026-09-11 19:43:00.696 [main] DEBUG c.m.exception.GlobalExceptionHandler - 业务异常 [DELETE] /api/admin/posts/999999 -> 动态不存在或已被删除
2026-09-11 19:43:00.774 [main] INFO  c.miqu.service.impl.AuthServiceImpl - 用户登录成功: userId=1, username=admin
2026-09-11 19:43:01.037 [main] INFO  c.miqu.service.impl.AuthServiceImpl - 用户登录成功: userId=1, username=admin
2026-09-11 19:43:01.151 [main] INFO  c.miqu.service.impl.AuthServiceImpl - 用户登录成功: userId=1, username=admin
2026-09-11 19:43:01.246 [main] INFO  c.miqu.service.impl.AuthServiceImpl - 用户登录成功: userId=1, username=admin
2026-09-11 19:43:01.347 [main] INFO  c.miqu.service.impl.AuthServiceImpl - 用户登录成功: userId=1, username=admin
2026-09-11 19:43:01.354 [main] DEBUG c.m.exception.GlobalExceptionHandler - 业务异常 [DELETE] /api/admin/comments/999999 -> 评论不存在或已被删除
2026-09-11 19:43:01.425 [main] INFO  c.miqu.service.impl.AuthServiceImpl - 用户登录成功: userId=1, username=admin
2026-09-11 19:43:01.590 [main] INFO  c.miqu.service.impl.AuthServiceImpl - 用户登录成功: userId=1, username=admin
2026-09-11 19:43:01.679 [main] INFO  c.miqu.service.impl.AuthServiceImpl - 用户登录成功: userId=1, username=admin
2026-09-11 19:43:01.725 [main] INFO  c.m.service.impl.CommentServiceImpl - 删除评论: commentId=1, postId=1, operatorId=1, 管理员=true
2026-09-11 19:43:01.730 [main] INFO  c.m.service.impl.AdminLogServiceImpl - 管理员操作: adminId=1, type=DELETE_COMMENT, target=(3, 1), ip=127.0.0.1
2026-09-11 19:43:01.809 [main] INFO  c.miqu.service.impl.AuthServiceImpl - 用户登录成功: userId=1, username=admin
2026-09-11 19:43:01.895 [main] INFO  c.miqu.service.impl.AuthServiceImpl - 用户登录成功: userId=1, username=admin
2026-09-11 19:43:01.980 [main] INFO  c.miqu.service.impl.AuthServiceImpl - 用户登录成功: userId=1, username=admin
2026-09-11 19:43:02.059 [main] INFO  c.miqu.service.impl.AuthServiceImpl - 用户登录成功: userId=1, username=admin
2026-09-11 19:43:02.079 [main] INFO  c.miqu.service.impl.PostServiceImpl - 删除动态: postId=1, operatorId=1, 作者=2, 管理员=true
2026-09-11 19:43:02.081 [main] INFO  c.m.service.impl.AdminLogServiceImpl - 管理员操作: adminId=1, type=DELETE_POST, target=(2, 1), ip=127.0.0.1
2026-09-11 19:43:02.084 [main] DEBUG c.m.exception.GlobalExceptionHandler - 业务异常 [GET] /api/posts/1 -> 动态不存在或已被删除
2026-09-11 19:43:02.105 [main] INFO  o.s.t.c.s.AnnotationConfigContextLoaderUtils - Could not detect default configuration classes for test class [com.miqu.admin.AdminReportControllerTest]: AdminReportControllerTest does not declare any static, non-private, non-final, nested classes annotated with @Configuration.
2026-09-11 19:43:02.108 [main] INFO  o.s.b.t.c.SpringBootTestContextBootstrapper - Found @SpringBootConfiguration com.miqu.MiquApplication for test class com.miqu.admin.AdminReportControllerTest
2026-09-11 19:43:02.179 [main] INFO  c.miqu.service.impl.AuthServiceImpl - 用户登录成功: userId=1, username=admin
2026-09-11 19:43:02.243 [main] INFO  c.miqu.service.impl.AuthServiceImpl - 用户登录成功: userId=2, username=test001
2026-09-11 19:43:02.258 [main] INFO  c.miqu.service.impl.PostServiceImpl - 删除动态: postId=1, operatorId=2, 作者=2, 管理员=false
2026-09-11 19:43:02.274 [main] INFO  c.miqu.service.impl.PostServiceImpl - 删除动态: postId=11, operatorId=1, 作者=19, 管理员=true
2026-09-11 19:43:02.276 [main] INFO  c.m.service.impl.AdminLogServiceImpl - 管理员操作: adminId=1, type=DELETE_POST, target=(2, 11), ip=127.0.0.1
2026-09-11 19:43:02.294 [main] INFO  c.m.service.impl.ReportServiceImpl - 举报的后置处置未执行（目标已不存在）: action=DELETE_POST, targetId=11, 原因=动态不存在或已被删除
2026-09-11 19:43:02.301 [main] INFO  c.m.service.impl.AdminLogServiceImpl - 管理员操作: adminId=1, type=HANDLE_REPORT, target=(4, 1), ip=127.0.0.1
2026-09-11 19:43:02.301 [main] INFO  c.m.service.impl.ReportServiceImpl - 处理举报: reportId=1, adminId=1, status=1, action=DELETE_POST
2026-09-11 19:43:02.370 [main] INFO  c.miqu.service.impl.AuthServiceImpl - 用户登录成功: userId=1, username=admin
2026-09-11 19:43:02.459 [main] INFO  c.miqu.service.impl.AuthServiceImpl - 用户登录成功: userId=1, username=admin
2026-09-11 19:43:02.505 [main] INFO  c.m.service.impl.CommentServiceImpl - 删除评论: commentId=20, postId=7, operatorId=1, 管理员=true
2026-09-11 19:43:02.514 [main] INFO  c.m.service.impl.AdminLogServiceImpl - 管理员操作: adminId=1, type=HANDLE_REPORT, target=(4, 3), ip=127.0.0.1
2026-09-11 19:43:02.514 [main] INFO  c.m.service.impl.ReportServiceImpl - 处理举报: reportId=3, adminId=1, status=1, action=DELETE_COMMENT
2026-09-11 19:43:02.583 [main] INFO  c.miqu.service.impl.AuthServiceImpl - 用户登录成功: userId=1, username=admin
2026-09-11 19:43:02.591 [main] INFO  c.m.service.impl.AdminLogServiceImpl - 管理员操作: adminId=1, type=HANDLE_REPORT, target=(4, 1), ip=127.0.0.1
2026-09-11 19:43:02.591 [main] INFO  c.m.service.impl.ReportServiceImpl - 处理举报: reportId=1, adminId=1, status=1, action=NONE
2026-09-11 19:43:02.598 [main] DEBUG c.m.exception.GlobalExceptionHandler - 业务异常 [PUT] /api/admin/reports/1/handle -> 该举报已被处理
2026-09-11 19:43:02.668 [main] INFO  c.miqu.service.impl.AuthServiceImpl - 用户登录成功: userId=1, username=admin
2026-09-11 19:43:02.675 [main] DEBUG c.m.exception.GlobalExceptionHandler - 业务异常 [PUT] /api/admin/reports/2/handle -> 该举报已被处理
2026-09-11 19:43:02.742 [main] INFO  c.miqu.service.impl.AuthServiceImpl - 用户登录成功: userId=1, username=admin
2026-09-11 19:43:02.850 [main] INFO  c.miqu.service.impl.AuthServiceImpl - 用户登录成功: userId=1, username=admin
2026-09-11 19:43:02.919 [main] INFO  c.miqu.service.impl.AuthServiceImpl - 用户登录成功: userId=2, username=test001
2026-09-11 19:43:02.942 [main] INFO  c.m.service.impl.ReportServiceImpl - 提交举报: reportId=6, reporterId=2, target=(1, 15)
2026-09-11 19:43:02.962 [main] INFO  c.miqu.service.impl.UserServiceImpl - 修改用户状态: targetUserId=15, status=0, operatorId=1
2026-09-11 19:43:02.963 [main] INFO  c.m.service.impl.AdminLogServiceImpl - 管理员操作: adminId=1, type=HANDLE_REPORT, target=(4, 6), ip=127.0.0.1
2026-09-11 19:43:02.963 [main] INFO  c.m.service.impl.ReportServiceImpl - 处理举报: reportId=6, adminId=1, status=1, action=DISABLE_USER
2026-09-11 19:43:03.016 [main] INFO  c.miqu.service.impl.AuthServiceImpl - 登录失败: userId=15, 原因=账号已禁用
2026-09-11 19:43:03.017 [main] DEBUG c.m.exception.GlobalExceptionHandler - 业务异常 [POST] /api/auth/login -> 账号已被禁用，请联系管理员
2026-09-11 19:43:03.072 [main] INFO  c.miqu.service.impl.AuthServiceImpl - 用户登录成功: userId=1, username=admin
2026-09-11 19:43:03.077 [main] DEBUG c.m.exception.GlobalExceptionHandler - 业务异常 [PUT] /api/admin/reports/1/handle -> 不支持的处置动作
2026-09-11 19:43:03.142 [main] INFO  c.miqu.service.impl.AuthServiceImpl - 用户登录成功: userId=1, username=admin
2026-09-11 19:43:03.148 [main] DEBUG c.m.exception.GlobalExceptionHandler - 业务异常 [PUT] /api/admin/reports/1/handle -> 驳回举报时不能同时执行处置动作
2026-09-11 19:43:03.216 [main] INFO  c.miqu.service.impl.AuthServiceImpl - 用户登录成功: userId=1, username=admin
2026-09-11 19:43:03.298 [main] INFO  c.miqu.service.impl.AuthServiceImpl - 用户登录成功: userId=1, username=admin
2026-09-11 19:43:03.304 [main] DEBUG c.m.exception.GlobalExceptionHandler - 业务异常 [PUT] /api/admin/reports/3/handle -> 处置动作与举报目标类型不匹配
2026-09-11 19:43:03.370 [main] INFO  c.miqu.service.impl.AuthServiceImpl - 用户登录成功: userId=1, username=admin
2026-09-11 19:43:03.377 [main] DEBUG c.m.exception.GlobalExceptionHandler - 业务异常 [PUT] /api/admin/reports/999999/handle -> 举报不存在
2026-09-11 19:43:03.444 [main] INFO  c.miqu.service.impl.AuthServiceImpl - 用户登录成功: userId=1, username=admin
2026-09-11 19:43:03.518 [main] INFO  c.miqu.service.impl.AuthServiceImpl - 用户登录成功: userId=1, username=admin
2026-09-11 19:43:03.528 [main] INFO  c.m.service.impl.AdminLogServiceImpl - 管理员操作: adminId=1, type=HANDLE_REPORT, target=(4, 1), ip=127.0.0.1
2026-09-11 19:43:03.529 [main] INFO  c.m.service.impl.ReportServiceImpl - 处理举报: reportId=1, adminId=1, status=2, action=NONE
2026-09-11 19:43:03.613 [main] INFO  c.miqu.service.impl.AuthServiceImpl - 用户登录成功: userId=1, username=admin
2026-09-11 19:43:03.698 [main] INFO  c.miqu.service.impl.AuthServiceImpl - 用户登录成功: userId=1, username=admin
2026-09-11 19:43:03.707 [main] INFO  c.m.service.impl.AdminLogServiceImpl - 管理员操作: adminId=1, type=HANDLE_REPORT, target=(4, 1), ip=127.0.0.1
2026-09-11 19:43:03.707 [main] INFO  c.m.service.impl.ReportServiceImpl - 处理举报: reportId=1, adminId=1, status=1, action=NONE
2026-09-11 19:43:03.784 [main] INFO  c.miqu.service.impl.AuthServiceImpl - 用户登录成功: userId=1, username=admin
2026-09-11 19:43:03.816 [main] INFO  c.miqu.service.impl.PostServiceImpl - 删除动态: postId=11, operatorId=1, 作者=19, 管理员=true
2026-09-11 19:43:03.828 [main] INFO  c.m.service.impl.AdminLogServiceImpl - 管理员操作: adminId=1, type=HANDLE_REPORT, target=(4, 1), ip=127.0.0.1
2026-09-11 19:43:03.828 [main] INFO  c.m.service.impl.ReportServiceImpl - 处理举报: reportId=1, adminId=1, status=1, action=DELETE_POST
2026-09-11 19:43:03.831 [main] DEBUG c.m.exception.GlobalExceptionHandler - 业务异常 [GET] /api/posts/11 -> 动态不存在或已被删除
2026-09-11 19:43:03.911 [main] INFO  c.miqu.service.impl.AuthServiceImpl - 用户登录成功: userId=1, username=admin
2026-09-11 19:43:03.976 [main] INFO  o.s.t.c.s.AnnotationConfigContextLoaderUtils - Could not detect default configuration classes for test class [com.miqu.admin.AdminStatsControllerTest]: AdminStatsControllerTest does not declare any static, non-private, non-final, nested classes annotated with @Configuration.
2026-09-11 19:43:03.978 [main] INFO  o.s.b.t.c.SpringBootTestContextBootstrapper - Found @SpringBootConfiguration com.miqu.MiquApplication for test class com.miqu.admin.AdminStatsControllerTest
2026-09-11 19:43:04.049 [main] INFO  c.miqu.service.impl.AuthServiceImpl - 用户登录成功: userId=1, username=admin
2026-09-11 19:43:04.107 [main] INFO  c.miqu.service.impl.PostServiceImpl - 删除动态: postId=3, operatorId=1, 作者=4, 管理员=true
2026-09-11 19:43:04.109 [main] INFO  c.m.service.impl.AdminLogServiceImpl - 管理员操作: adminId=1, type=DELETE_POST, target=(2, 3), ip=127.0.0.1
2026-09-11 19:43:04.185 [main] INFO  c.miqu.service.impl.AuthServiceImpl - 用户登录成功: userId=1, username=admin
2026-09-11 19:43:04.264 [main] INFO  c.miqu.service.impl.AuthServiceImpl - 用户登录成功: userId=1, username=admin
2026-09-11 19:43:04.340 [main] INFO  c.miqu.service.impl.AuthServiceImpl - 用户登录成功: userId=1, username=admin
2026-09-11 19:43:04.416 [main] INFO  c.miqu.service.impl.AuthServiceImpl - 用户登录成功: userId=1, username=admin
2026-09-11 19:43:04.540 [main] INFO  c.miqu.service.impl.AuthServiceImpl - 用户注册成功: userId=22, username=statstest
2026-09-11 19:43:04.620 [main] INFO  c.miqu.service.impl.AuthServiceImpl - 用户登录成功: userId=1, username=admin
2026-09-11 19:43:04.691 [main] INFO  c.miqu.service.impl.AuthServiceImpl - 用户登录成功: userId=3, username=test002
2026-09-11 19:43:04.715 [main] DEBUG c.m.s.impl.NotificationServiceImpl - 生成通知: type=3, receiverId=2, actorId=3, postId=1
2026-09-11 19:43:04.716 [main] INFO  c.m.service.impl.CommentServiceImpl - 发表评论: commentId=133, postId=1, userId=3
2026-09-11 19:43:04.794 [main] INFO  c.miqu.service.impl.AuthServiceImpl - 用户登录成功: userId=1, username=admin
2026-09-11 19:43:04.804 [main] INFO  c.m.service.impl.AdminLogServiceImpl - 管理员操作: adminId=1, type=HANDLE_REPORT, target=(4, 1), ip=127.0.0.1
2026-09-11 19:43:04.804 [main] INFO  c.m.service.impl.ReportServiceImpl - 处理举报: reportId=1, adminId=1, status=1, action=NONE
2026-09-11 19:43:04.881 [main] INFO  c.miqu.service.impl.AuthServiceImpl - 用户登录成功: userId=1, username=admin
2026-09-11 19:43:04.957 [main] INFO  c.miqu.service.impl.AuthServiceImpl - 用户登录成功: userId=1, username=admin
2026-09-11 19:43:04.972 [main] INFO  o.s.t.c.s.AnnotationConfigContextLoaderUtils - Could not detect default configuration classes for test class [com.miqu.admin.AdminUserControllerTest]: AdminUserControllerTest does not declare any static, non-private, non-final, nested classes annotated with @Configuration.
2026-09-11 19:43:04.974 [main] INFO  o.s.b.t.c.SpringBootTestContextBootstrapper - Found @SpringBootConfiguration com.miqu.MiquApplication for test class com.miqu.admin.AdminUserControllerTest
2026-09-11 19:43:05.041 [main] INFO  c.miqu.service.impl.AuthServiceImpl - 用户登录成功: userId=1, username=admin
2026-09-11 19:43:05.123 [main] INFO  c.miqu.service.impl.AuthServiceImpl - 用户登录成功: userId=1, username=admin
2026-09-11 19:43:05.200 [main] INFO  c.miqu.service.impl.AuthServiceImpl - 用户登录成功: userId=1, username=admin
2026-09-11 19:43:05.278 [main] INFO  c.miqu.service.impl.AuthServiceImpl - 用户登录成功: userId=1, username=admin
2026-09-11 19:43:05.284 [main] DEBUG c.m.exception.GlobalExceptionHandler - 业务异常 [GET] /api/admin/users/999999 -> 用户不存在
2026-09-11 19:43:05.356 [main] INFO  c.miqu.service.impl.AuthServiceImpl - 用户登录成功: userId=1, username=admin
2026-09-11 19:43:05.445 [main] INFO  c.miqu.service.impl.AuthServiceImpl - 用户登录成功: userId=1, username=admin
2026-09-11 19:43:05.528 [main] INFO  c.miqu.service.impl.AuthServiceImpl - 用户登录成功: userId=1, username=admin
2026-09-11 19:43:05.615 [main] INFO  c.miqu.service.impl.AuthServiceImpl - 用户登录成功: userId=1, username=admin
2026-09-11 19:43:05.631 [main] INFO  c.miqu.service.impl.UserServiceImpl - 修改用户状态: targetUserId=4, status=0, operatorId=1
2026-09-11 19:43:05.632 [main] INFO  c.m.service.impl.AdminLogServiceImpl - 管理员操作: adminId=1, type=DISABLE_USER, target=(1, 4), ip=127.0.0.1
2026-09-11 19:43:05.709 [main] INFO  c.miqu.service.impl.AuthServiceImpl - 用户登录成功: userId=4, username=test003
2026-09-11 19:43:05.780 [main] INFO  c.miqu.service.impl.AuthServiceImpl - 用户登录成功: userId=1, username=admin
2026-09-11 19:43:05.785 [main] INFO  c.miqu.service.impl.UserServiceImpl - 修改用户状态: targetUserId=4, status=0, operatorId=1
2026-09-11 19:43:05.787 [main] INFO  c.m.service.impl.AdminLogServiceImpl - 管理员操作: adminId=1, type=DISABLE_USER, target=(1, 4), ip=127.0.0.1
2026-09-11 19:43:05.788 [main] DEBUG c.m.exception.GlobalExceptionHandler - 业务异常 [GET] /api/users/me -> 账号已被禁用，请联系管理员
2026-09-11 19:43:05.856 [main] INFO  c.miqu.service.impl.AuthServiceImpl - 登录失败: userId=4, 原因=账号已禁用
2026-09-11 19:43:05.857 [main] DEBUG c.m.exception.GlobalExceptionHandler - 业务异常 [POST] /api/auth/login -> 账号已被禁用，请联系管理员
2026-09-11 19:43:05.929 [main] INFO  c.miqu.service.impl.AuthServiceImpl - 用户登录成功: userId=1, username=admin
2026-09-11 19:43:05.933 [main] DEBUG c.m.exception.GlobalExceptionHandler - 业务异常 [PUT] /api/admin/users/1/status -> 不能对自己执行该操作
2026-09-11 19:43:06.003 [main] INFO  c.miqu.service.impl.AuthServiceImpl - 用户登录成功: userId=1, username=admin
2026-09-11 19:43:06.081 [main] INFO  c.miqu.service.impl.AuthServiceImpl - 用户登录成功: userId=1, username=admin
2026-09-11 19:43:06.087 [main] INFO  c.miqu.service.impl.UserServiceImpl - 修改用户状态: targetUserId=12, status=1, operatorId=1
2026-09-11 19:43:06.088 [main] INFO  c.m.service.impl.AdminLogServiceImpl - 管理员操作: adminId=1, type=ENABLE_USER, target=(1, 12), ip=127.0.0.1
2026-09-11 19:43:06.153 [main] INFO  c.miqu.service.impl.AuthServiceImpl - 用户登录成功: userId=12, username=banned001
2026-09-11 19:43:06.219 [main] INFO  c.miqu.service.impl.AuthServiceImpl - 用户登录成功: userId=1, username=admin
2026-09-11 19:43:06.223 [main] DEBUG c.m.exception.GlobalExceptionHandler - 业务异常 [PUT] /api/admin/users/999999/status -> 用户不存在
2026-09-11 19:43:06.289 [main] INFO  c.miqu.service.impl.AuthServiceImpl - 用户登录成功: userId=1, username=admin
2026-09-11 19:43:06.311 [main] INFO  o.s.t.c.s.AnnotationConfigContextLoaderUtils - Could not detect default configuration classes for test class [com.miqu.auth.AuthControllerTest]: AuthControllerTest does not declare any static, non-private, non-final, nested classes annotated with @Configuration.
2026-09-11 19:43:06.342 [main] INFO  o.s.b.t.c.SpringBootTestContextBootstrapper - Found @SpringBootConfiguration com.miqu.MiquApplication for test class com.miqu.auth.AuthControllerTest
2026-09-11 19:43:06.370 [main] INFO  c.miqu.service.impl.AuthServiceImpl - 登录失败: username=deleted001, 原因=凭证不匹配
2026-09-11 19:43:06.370 [main] DEBUG c.m.exception.GlobalExceptionHandler - 业务异常 [POST] /api/auth/login -> 用户名或密码错误
2026-09-11 19:43:06.440 [main] INFO  c.miqu.service.impl.AuthServiceImpl - 登录失败: userId=12, 原因=账号已禁用
2026-09-11 19:43:06.441 [main] DEBUG c.m.exception.GlobalExceptionHandler - 业务异常 [POST] /api/auth/login -> 账号已被禁用，请联系管理员
2026-09-11 19:43:06.449 [main] INFO  c.miqu.service.impl.AuthServiceImpl - 登录失败: username=nosuchuser, 原因=凭证不匹配
2026-09-11 19:43:06.449 [main] DEBUG c.m.exception.GlobalExceptionHandler - 业务异常 [POST] /api/auth/login -> 用户名或密码错误
2026-09-11 19:43:06.516 [main] INFO  c.miqu.service.impl.AuthServiceImpl - 用户登录成功: userId=2, username=test001
2026-09-11 19:43:06.521 [main] DEBUG c.m.exception.GlobalExceptionHandler - 业务异常 [POST] /api/auth/logout -> 未登录或登录状态已失效
2026-09-11 19:43:06.593 [main] INFO  c.miqu.service.impl.AuthServiceImpl - 用户注册成功: userId=23, username=newuser001
2026-09-11 19:43:06.612 [main] DEBUG c.m.exception.GlobalExceptionHandler - 业务异常 [POST] /api/auth/register -> 邮箱已被注册
2026-09-11 19:43:06.674 [main] INFO  c.miqu.service.impl.AuthServiceImpl - 用户注册成功: userId=24, username=newuser002
2026-09-11 19:43:06.739 [main] INFO  c.miqu.service.impl.AuthServiceImpl - 登录失败: username=test001, 原因=凭证不匹配
2026-09-11 19:43:06.739 [main] DEBUG c.m.exception.GlobalExceptionHandler - 业务异常 [POST] /api/auth/login -> 用户名或密码错误
2026-09-11 19:43:06.749 [main] DEBUG c.m.exception.GlobalExceptionHandler - 业务异常 [POST] /api/auth/register -> 邮箱已被注册
2026-09-11 19:43:06.824 [main] INFO  c.miqu.service.impl.AuthServiceImpl - 用户登录成功: userId=2, username=test001
2026-09-11 19:43:06.828 [main] INFO  com.miqu.controller.AuthController - 用户退出登录: userId=2
2026-09-11 19:43:06.847 [main] DEBUG c.m.exception.GlobalExceptionHandler - 业务异常 [POST] /api/auth/register -> 用户名已被占用
2026-09-11 19:43:06.854 [main] INFO  o.s.t.c.s.AnnotationConfigContextLoaderUtils - Could not detect default configuration classes for test class [com.miqu.comment.CommentControllerTest]: CommentControllerTest does not declare any static, non-private, non-final, nested classes annotated with @Configuration.
2026-09-11 19:43:06.884 [main] INFO  o.s.b.t.c.SpringBootTestContextBootstrapper - Found @SpringBootConfiguration com.miqu.MiquApplication for test class com.miqu.comment.CommentControllerTest
2026-09-11 19:43:06.952 [main] INFO  c.miqu.service.impl.AuthServiceImpl - 用户登录成功: userId=3, username=test002
2026-09-11 19:43:06.961 [main] DEBUG c.m.s.impl.NotificationServiceImpl - 生成通知: type=3, receiverId=2, actorId=3, postId=1
2026-09-11 19:43:06.961 [main] INFO  c.m.service.impl.CommentServiceImpl - 发表评论: commentId=134, postId=1, userId=3
2026-09-11 19:43:06.970 [main] DEBUG c.m.exception.GlobalExceptionHandler - 业务异常 [DELETE] /api/comments/1 -> 未登录或登录状态已失效
2026-09-11 19:43:07.072 [main] INFO  c.miqu.service.impl.AuthServiceImpl - 用户登录成功: userId=3, username=test002
2026-09-11 19:43:07.151 [main] INFO  c.miqu.service.impl.AuthServiceImpl - 用户登录成功: userId=1, username=admin
2026-09-11 19:43:07.166 [main] INFO  c.m.service.impl.CommentServiceImpl - 删除评论: commentId=1, postId=1, operatorId=1, 管理员=true
2026-09-11 19:43:07.250 [main] INFO  c.miqu.service.impl.AuthServiceImpl - 用户登录成功: userId=3, username=test002
2026-09-11 19:43:07.258 [main] INFO  c.m.service.impl.CommentServiceImpl - 删除评论: commentId=1, postId=1, operatorId=3, 管理员=false
2026-09-11 19:43:07.261 [main] DEBUG c.m.exception.GlobalExceptionHandler - 业务异常 [DELETE] /api/comments/1 -> 评论不存在或已被删除
2026-09-11 19:43:07.329 [main] INFO  c.miqu.service.impl.AuthServiceImpl - 用户登录成功: userId=2, username=test001
2026-09-11 19:43:07.333 [main] DEBUG c.m.exception.GlobalExceptionHandler - 业务异常 [DELETE] /api/comments/1 -> 无权限执行该操作
2026-09-11 19:43:07.400 [main] INFO  c.miqu.service.impl.AuthServiceImpl - 用户登录成功: userId=3, username=test002
2026-09-11 19:43:07.405 [main] DEBUG c.m.exception.GlobalExceptionHandler - 业务异常 [POST] /api/posts/999999/comments -> 动态不存在或已被删除
2026-09-11 19:43:07.484 [main] INFO  c.miqu.service.impl.AuthServiceImpl - 用户登录成功: userId=3, username=test002
2026-09-11 19:43:07.494 [main] INFO  c.m.service.impl.CommentServiceImpl - 删除评论: commentId=1, postId=1, operatorId=3, 管理员=false
2026-09-11 19:43:07.515 [main] DEBUG c.m.exception.GlobalExceptionHandler - 业务异常 [GET] /api/posts/999999/comments -> 动态不存在或已被删除
2026-09-11 19:43:07.580 [main] INFO  c.miqu.service.impl.AuthServiceImpl - 用户登录成功: userId=3, username=test002
2026-09-11 19:43:07.595 [main] DEBUG c.m.exception.GlobalExceptionHandler - 业务异常 [POST] /api/posts/1/comments -> 未登录或登录状态已失效
2026-09-11 19:43:07.662 [main] INFO  c.miqu.service.impl.AuthServiceImpl - 用户登录成功: userId=3, username=test002
2026-09-11 19:43:07.666 [main] DEBUG c.m.exception.GlobalExceptionHandler - 业务异常 [DELETE] /api/comments/999999 -> 评论不存在或已被删除
2026-09-11 19:43:07.743 [main] INFO  c.miqu.service.impl.AuthServiceImpl - 用户登录成功: userId=2, username=test001
2026-09-11 19:43:07.754 [main] INFO  c.m.service.impl.CommentServiceImpl - 发表评论: commentId=135, postId=1, userId=2
2026-09-11 19:43:07.823 [main] INFO  c.miqu.service.impl.AuthServiceImpl - 用户登录成功: userId=3, username=test002
2026-09-11 19:43:07.837 [main] DEBUG c.m.s.impl.NotificationServiceImpl - 生成通知: type=3, receiverId=2, actorId=3, postId=1
2026-09-11 19:43:07.838 [main] INFO  c.m.service.impl.CommentServiceImpl - 发表评论: commentId=136, postId=1, userId=3
2026-09-11 19:43:07.944 [main] INFO  c.miqu.service.impl.AuthServiceImpl - 用户登录成功: userId=3, username=test002
2026-09-11 19:43:07.949 [main] DEBUG c.m.s.impl.NotificationServiceImpl - 生成通知: type=3, receiverId=2, actorId=3, postId=1
2026-09-11 19:43:07.949 [main] INFO  c.m.service.impl.CommentServiceImpl - 发表评论: commentId=137, postId=1, userId=3
2026-09-11 19:43:08.022 [main] INFO  c.miqu.service.impl.AuthServiceImpl - 用户登录成功: userId=3, username=test002
2026-09-11 19:43:08.028 [main] INFO  o.s.t.c.s.AnnotationConfigContextLoaderUtils - Could not detect default configuration classes for test class [com.miqu.common.EntitySchemaConsistencyTest]: EntitySchemaConsistencyTest does not declare any static, non-private, non-final, nested classes annotated with @Configuration.
2026-09-11 19:43:08.060 [main] INFO  o.s.b.t.c.SpringBootTestContextBootstrapper - Found @SpringBootConfiguration com.miqu.MiquApplication for test class com.miqu.common.EntitySchemaConsistencyTest
2026-09-11 19:43:08.110 [main] INFO  c.m.c.EntitySchemaConsistencyTest - Starting EntitySchemaConsistencyTest using Java 21.0.11 with PID 17148 (started by 张志鹏 in D:\Projects\Miqu\backend)
2026-09-11 19:43:08.110 [main] DEBUG c.m.c.EntitySchemaConsistencyTest - Running with Spring Boot v3.4.7, Spring v6.2.8
2026-09-11 19:43:08.110 [main] INFO  c.m.c.EntitySchemaConsistencyTest - No active profile set, falling back to 1 default profile: "default"
2026-09-11 19:43:09.002 [main] WARN  o.s.w.s.r.ResourceHandlerUtils - Appended trailing slash to static resource location: file:///D:/Projects/Miqu/backend/uploads/
2026-09-11 19:43:09.061 [main] INFO  c.m.c.EntitySchemaConsistencyTest - Started EntitySchemaConsistencyTest in 0.999 seconds (process running for 14.105)
2026-09-11 19:43:09.064 [main] INFO  com.zaxxer.hikari.HikariDataSource - MiquHikariPool - Starting...
2026-09-11 19:43:09.069 [main] INFO  com.zaxxer.hikari.pool.HikariPool - MiquHikariPool - Added connection com.mysql.cj.jdbc.ConnectionImpl@828e2d8
2026-09-11 19:43:09.069 [main] INFO  com.zaxxer.hikari.HikariDataSource - MiquHikariPool - Start completed.
2026-09-11 19:43:09.294 [main] INFO  o.s.t.c.s.AnnotationConfigContextLoaderUtils - Could not detect default configuration classes for test class [com.miqu.common.ResponseSerializationTest]: ResponseSerializationTest does not declare any static, non-private, non-final, nested classes annotated with @Configuration.
2026-09-11 19:43:09.298 [main] INFO  o.s.b.t.c.SpringBootTestContextBootstrapper - Found @SpringBootConfiguration com.miqu.MiquApplication for test class com.miqu.common.ResponseSerializationTest
2026-09-11 19:43:09.420 [main] INFO  c.miqu.service.impl.AuthServiceImpl - 用户登录成功: userId=2, username=test001
2026-09-11 19:43:09.523 [main] INFO  c.miqu.service.impl.AuthServiceImpl - 用户登录成功: userId=2, username=test001
2026-09-11 19:43:09.533 [main] DEBUG c.m.s.impl.NotificationServiceImpl - 生成通知: type=1, receiverId=9, actorId=2, postId=null
2026-09-11 19:43:09.533 [main] INFO  c.m.service.impl.FollowServiceImpl - 关注成功: followerId=2, followingId=9
2026-09-11 19:43:09.544 [main] INFO  c.miqu.service.impl.PostServiceImpl - 发布动态: postId=41, userId=2, imageCount=0
2026-09-11 19:43:09.551 [main] INFO  c.miqu.service.impl.PostServiceImpl - 点赞: postId=41, userId=2
2026-09-11 19:43:09.822 [main] INFO  o.s.t.c.s.AnnotationConfigContextLoaderUtils - Could not detect default configuration classes for test class [com.miqu.follow.FollowControllerTest]: FollowControllerTest does not declare any static, non-private, non-final, nested classes annotated with @Configuration.
2026-09-11 19:43:09.847 [main] INFO  o.s.b.t.c.SpringBootTestContextBootstrapper - Found @SpringBootConfiguration com.miqu.MiquApplication for test class com.miqu.follow.FollowControllerTest
2026-09-11 19:43:09.911 [main] INFO  c.miqu.service.impl.AuthServiceImpl - 用户登录成功: userId=2, username=test001
2026-09-11 19:43:09.993 [main] INFO  c.miqu.service.impl.AuthServiceImpl - 用户登录成功: userId=2, username=test001
2026-09-11 19:43:10.014 [main] DEBUG c.m.exception.GlobalExceptionHandler - 业务异常 [POST] /api/users/9/follow -> 未登录或登录状态已失效
2026-09-11 19:43:10.019 [main] DEBUG c.m.exception.GlobalExceptionHandler - 业务异常 [DELETE] /api/users/4/follow -> 未登录或登录状态已失效
2026-09-11 19:43:10.085 [main] INFO  c.miqu.service.impl.AuthServiceImpl - 用户登录成功: userId=2, username=test001
2026-09-11 19:43:10.182 [main] INFO  c.miqu.service.impl.AuthServiceImpl - 用户登录成功: userId=2, username=test001
2026-09-11 19:43:10.198 [main] DEBUG c.m.s.impl.NotificationServiceImpl - 生成通知: type=1, receiverId=9, actorId=2, postId=null
2026-09-11 19:43:10.198 [main] INFO  c.m.service.impl.FollowServiceImpl - 关注成功: followerId=2, followingId=9
2026-09-11 19:43:10.277 [main] INFO  c.miqu.service.impl.AuthServiceImpl - 用户登录成功: userId=2, username=test001
2026-09-11 19:43:10.283 [main] DEBUG c.m.exception.GlobalExceptionHandler - 业务异常 [POST] /api/users/13/follow -> 用户不存在
2026-09-11 19:43:10.354 [main] INFO  c.miqu.service.impl.AuthServiceImpl - 用户登录成功: userId=2, username=test001
2026-09-11 19:43:10.382 [main] DEBUG c.m.exception.GlobalExceptionHandler - 业务异常 [GET] /api/users/999999/following -> 用户不存在
2026-09-11 19:43:10.388 [main] DEBUG c.m.exception.GlobalExceptionHandler - 业务异常 [GET] /api/users/me -> 未登录或登录状态已失效
2026-09-11 19:43:10.461 [main] INFO  c.miqu.service.impl.AuthServiceImpl - 用户登录成功: userId=2, username=test001
2026-09-11 19:43:10.469 [main] INFO  c.m.service.impl.FollowServiceImpl - 取消关注: followerId=2, followingId=4
2026-09-11 19:43:10.494 [main] DEBUG c.m.s.impl.NotificationServiceImpl - 生成通知: type=1, receiverId=4, actorId=2, postId=null
2026-09-11 19:43:10.494 [main] INFO  c.m.service.impl.FollowServiceImpl - 关注成功: followerId=2, followingId=4
2026-09-11 19:43:10.567 [main] INFO  c.miqu.service.impl.AuthServiceImpl - 用户登录成功: userId=2, username=test001
2026-09-11 19:43:10.580 [main] INFO  c.m.service.impl.FollowServiceImpl - 取消关注: followerId=2, followingId=4
2026-09-11 19:43:10.646 [main] INFO  c.miqu.service.impl.AuthServiceImpl - 用户登录成功: userId=2, username=test001
2026-09-11 19:43:10.649 [main] DEBUG c.m.exception.GlobalExceptionHandler - 业务异常 [POST] /api/users/12/follow -> 账号已被禁用，请联系管理员
2026-09-11 19:43:10.661 [main] DEBUG c.m.exception.GlobalExceptionHandler - 业务异常 [GET] /api/users/13 -> 用户不存在
2026-09-11 19:43:10.732 [main] INFO  c.miqu.service.impl.AuthServiceImpl - 用户登录成功: userId=2, username=test001
2026-09-11 19:43:10.740 [main] DEBUG c.m.exception.GlobalExceptionHandler - 业务异常 [POST] /api/users/3/follow -> 已经关注过该用户
2026-09-11 19:43:10.809 [main] INFO  c.miqu.service.impl.AuthServiceImpl - 用户登录成功: userId=2, username=test001
2026-09-11 19:43:10.820 [main] DEBUG c.m.s.impl.NotificationServiceImpl - 生成通知: type=1, receiverId=9, actorId=2, postId=null
2026-09-11 19:43:10.820 [main] INFO  c.m.service.impl.FollowServiceImpl - 关注成功: followerId=2, followingId=9
2026-09-11 19:43:10.891 [main] INFO  c.miqu.service.impl.AuthServiceImpl - 用户登录成功: userId=2, username=test001
2026-09-11 19:43:10.961 [main] INFO  c.miqu.service.impl.AuthServiceImpl - 用户登录成功: userId=2, username=test001
2026-09-11 19:43:10.966 [main] DEBUG c.m.exception.GlobalExceptionHandler - 业务异常 [DELETE] /api/users/9/follow -> 尚未关注该用户
2026-09-11 19:43:11.038 [main] INFO  c.miqu.service.impl.AuthServiceImpl - 用户登录成功: userId=2, username=test001
2026-09-11 19:43:11.043 [main] DEBUG c.m.exception.GlobalExceptionHandler - 业务异常 [POST] /api/users/999999/follow -> 用户不存在
2026-09-11 19:43:11.109 [main] INFO  c.miqu.service.impl.AuthServiceImpl - 用户登录成功: userId=2, username=test001
2026-09-11 19:43:11.205 [main] INFO  c.miqu.service.impl.AuthServiceImpl - 用户登录成功: userId=2, username=test001
2026-09-11 19:43:11.208 [main] DEBUG c.m.exception.GlobalExceptionHandler - 业务异常 [POST] /api/users/2/follow -> 不能关注自己
2026-09-11 19:43:11.288 [main] INFO  c.miqu.service.impl.AuthServiceImpl - 用户登录成功: userId=2, username=test001
2026-09-11 19:43:11.306 [main] DEBUG c.m.s.impl.NotificationServiceImpl - 生成通知: type=1, receiverId=9, actorId=2, postId=null
2026-09-11 19:43:11.306 [main] INFO  c.m.service.impl.FollowServiceImpl - 关注成功: followerId=2, followingId=9
2026-09-11 19:43:11.315 [main] INFO  o.s.t.c.s.AnnotationConfigContextLoaderUtils - Could not detect default configuration classes for test class [com.miqu.message.ConversationControllerTest]: ConversationControllerTest does not declare any static, non-private, non-final, nested classes annotated with @Configuration.
2026-09-11 19:43:11.341 [main] INFO  o.s.b.t.c.SpringBootTestContextBootstrapper - Found @SpringBootConfiguration com.miqu.MiquApplication for test class com.miqu.message.ConversationControllerTest
2026-09-11 19:43:11.405 [main] INFO  c.miqu.service.impl.AuthServiceImpl - 用户登录成功: userId=2, username=test001
2026-09-11 19:43:11.488 [main] INFO  c.miqu.service.impl.AuthServiceImpl - 用户登录成功: userId=2, username=test001
2026-09-11 19:43:11.495 [main] DEBUG c.m.exception.GlobalExceptionHandler - 业务异常 [GET] /api/conversations/4/messages -> 你不是该会话的参与者
2026-09-11 19:43:11.563 [main] INFO  c.miqu.service.impl.AuthServiceImpl - 用户登录成功: userId=4, username=test003
2026-09-11 19:43:11.651 [main] INFO  c.miqu.service.impl.AuthServiceImpl - 用户登录成功: userId=4, username=test003
2026-09-11 19:43:11.666 [main] DEBUG c.m.s.impl.ConversationServiceImpl - 会话标记已读: conversationId=4, userId=4
2026-09-11 19:43:11.732 [main] INFO  c.miqu.service.impl.AuthServiceImpl - 用户登录成功: userId=6, username=test005
2026-09-11 19:43:11.806 [main] INFO  c.miqu.service.impl.AuthServiceImpl - 用户登录成功: userId=2, username=test001
2026-09-11 19:43:11.886 [main] INFO  c.miqu.service.impl.AuthServiceImpl - 用户登录成功: userId=2, username=test001
2026-09-11 19:43:11.890 [main] DEBUG c.m.exception.GlobalExceptionHandler - 业务异常 [PUT] /api/conversations/4/read -> 你不是该会话的参与者
2026-09-11 19:43:11.960 [main] INFO  c.miqu.service.impl.AuthServiceImpl - 用户登录成功: userId=2, username=test001
2026-09-11 19:43:12.034 [main] INFO  c.miqu.service.impl.AuthServiceImpl - 用户登录成功: userId=6, username=test005
2026-09-11 19:43:12.102 [main] INFO  c.miqu.service.impl.AuthServiceImpl - 用户登录成功: userId=20, username=test017
2026-09-11 19:43:12.177 [main] INFO  c.miqu.service.impl.AuthServiceImpl - 用户登录成功: userId=2, username=test001
2026-09-11 19:43:12.248 [main] INFO  c.miqu.service.impl.AuthServiceImpl - 用户登录成功: userId=2, username=test001
2026-09-11 19:43:12.252 [main] DEBUG c.m.exception.GlobalExceptionHandler - 业务异常 [GET] /api/conversations/999999/messages -> 会话不存在
2026-09-11 19:43:12.316 [main] INFO  c.miqu.service.impl.AuthServiceImpl - 用户登录成功: userId=2, username=test001
2026-09-11 19:43:12.387 [main] INFO  c.miqu.service.impl.AuthServiceImpl - 用户登录成功: userId=2, username=test001
2026-09-11 19:43:12.391 [main] DEBUG c.m.exception.GlobalExceptionHandler - 业务异常 [PUT] /api/conversations/999999/read -> 会话不存在
2026-09-11 19:43:12.394 [main] DEBUG c.m.exception.GlobalExceptionHandler - 业务异常 [PUT] /api/conversations/1/read -> 未登录或登录状态已失效
2026-09-11 19:43:12.456 [main] INFO  c.miqu.service.impl.AuthServiceImpl - 用户登录成功: userId=2, username=test001
2026-09-11 19:43:12.468 [main] DEBUG c.m.exception.GlobalExceptionHandler - 业务异常 [GET] /api/conversations -> 未登录或登录状态已失效
2026-09-11 19:43:12.470 [main] DEBUG c.m.exception.GlobalExceptionHandler - 业务异常 [GET] /api/conversations/1/messages -> 未登录或登录状态已失效
2026-09-11 19:43:12.533 [main] INFO  c.miqu.service.impl.AuthServiceImpl - 用户登录成功: userId=2, username=test001
2026-09-11 19:43:12.608 [main] INFO  c.miqu.service.impl.AuthServiceImpl - 用户登录成功: userId=2, username=test001
2026-09-11 19:43:12.612 [main] DEBUG c.m.exception.GlobalExceptionHandler - 业务异常 [POST] /api/conversations -> 用户不存在
2026-09-11 19:43:12.678 [main] INFO  c.miqu.service.impl.AuthServiceImpl - 用户登录成功: userId=2, username=test001
2026-09-11 19:43:12.742 [main] INFO  c.miqu.service.impl.AuthServiceImpl - 用户登录成功: userId=2, username=test001
2026-09-11 19:43:12.746 [main] DEBUG c.m.exception.GlobalExceptionHandler - 业务异常 [POST] /api/conversations -> 不能给自己发送私信
2026-09-11 19:43:12.810 [main] INFO  c.miqu.service.impl.AuthServiceImpl - 用户登录成功: userId=2, username=test001
2026-09-11 19:43:12.815 [main] DEBUG c.m.exception.GlobalExceptionHandler - 业务异常 [POST] /api/conversations -> 账号已被禁用，请联系管理员
2026-09-11 19:43:12.880 [main] INFO  c.miqu.service.impl.AuthServiceImpl - 用户登录成功: userId=2, username=test001
2026-09-11 19:43:12.891 [main] DEBUG c.m.s.impl.ConversationServiceImpl - 会话标记已读: conversationId=1, userId=2
2026-09-11 19:43:12.964 [main] INFO  c.miqu.service.impl.AuthServiceImpl - 用户登录成功: userId=2, username=test001
2026-09-11 19:43:12.975 [main] INFO  o.s.t.c.s.AnnotationConfigContextLoaderUtils - Could not detect default configuration classes for test class [com.miqu.message.MessageControllerTest]: MessageControllerTest does not declare any static, non-private, non-final, nested classes annotated with @Configuration.
2026-09-11 19:43:12.976 [main] INFO  o.s.b.t.c.SpringBootTestContextBootstrapper - Found @SpringBootConfiguration com.miqu.MiquApplication for test class com.miqu.message.MessageControllerTest
2026-09-11 19:43:13.041 [main] INFO  c.miqu.service.impl.AuthServiceImpl - 用户登录成功: userId=2, username=test001
2026-09-11 19:43:13.077 [main] INFO  c.m.service.impl.MessageServiceImpl - 发送私信: messageId=74, conversationId=1, senderId=2, receiverId=3
2026-09-11 19:43:13.149 [main] INFO  c.miqu.service.impl.AuthServiceImpl - 用户登录成功: userId=2, username=test001
2026-09-11 19:43:13.165 [main] INFO  c.m.service.impl.MessageServiceImpl - 发送私信: messageId=75, conversationId=1, senderId=2, receiverId=3
2026-09-11 19:43:13.239 [main] INFO  c.miqu.service.impl.AuthServiceImpl - 用户登录成功: userId=2, username=test001
2026-09-11 19:43:13.307 [main] INFO  c.miqu.service.impl.AuthServiceImpl - 用户登录成功: userId=2, username=test001
2026-09-11 19:43:13.320 [main] INFO  c.m.service.impl.MessageServiceImpl - 发送私信: messageId=76, conversationId=9, senderId=2, receiverId=9
2026-09-11 19:43:13.399 [main] INFO  c.miqu.service.impl.AuthServiceImpl - 用户登录成功: userId=2, username=test001
2026-09-11 19:43:13.467 [main] INFO  c.miqu.service.impl.AuthServiceImpl - 用户登录成功: userId=2, username=test001
2026-09-11 19:43:13.536 [main] INFO  c.miqu.service.impl.AuthServiceImpl - 用户登录成功: userId=3, username=test002
2026-09-11 19:43:13.597 [main] INFO  c.miqu.service.impl.AuthServiceImpl - 用户登录成功: userId=2, username=test001
2026-09-11 19:43:13.612 [main] INFO  c.m.service.impl.MessageServiceImpl - 发送私信: messageId=77, conversationId=1, senderId=3, receiverId=2
2026-09-11 19:43:13.624 [main] DEBUG c.m.exception.GlobalExceptionHandler - 业务异常 [GET] /api/messages/unread-count -> 未登录或登录状态已失效
2026-09-11 19:43:13.687 [main] INFO  c.miqu.service.impl.AuthServiceImpl - 用户登录成功: userId=2, username=test001
2026-09-11 19:43:13.698 [main] INFO  c.m.service.impl.MessageServiceImpl - 发送私信: messageId=78, conversationId=2, senderId=2, receiverId=4
2026-09-11 19:43:13.781 [main] INFO  c.miqu.service.impl.AuthServiceImpl - 用户登录成功: userId=2, username=test001
2026-09-11 19:43:13.789 [main] DEBUG c.m.exception.GlobalExceptionHandler - 业务异常 [POST] /api/messages -> 不能给自己发送私信
2026-09-11 19:43:13.858 [main] INFO  c.miqu.service.impl.AuthServiceImpl - 用户登录成功: userId=2, username=test001
2026-09-11 19:43:13.863 [main] DEBUG c.m.exception.GlobalExceptionHandler - 业务异常 [POST] /api/messages -> 账号已被禁用，请联系管理员
2026-09-11 19:43:13.938 [main] INFO  c.miqu.service.impl.AuthServiceImpl - 用户登录成功: userId=2, username=test001
2026-09-11 19:43:13.943 [main] DEBUG c.m.exception.GlobalExceptionHandler - 业务异常 [POST] /api/messages -> 用户不存在
2026-09-11 19:43:14.008 [main] INFO  c.miqu.service.impl.AuthServiceImpl - 用户登录成功: userId=2, username=test001
2026-09-11 19:43:14.027 [main] INFO  c.m.service.impl.MessageServiceImpl - 发送私信: messageId=79, conversationId=10, senderId=2, receiverId=9
2026-09-11 19:43:14.097 [main] INFO  c.miqu.service.impl.AuthServiceImpl - 用户登录成功: userId=2, username=test001
2026-09-11 19:43:14.108 [main] INFO  c.m.service.impl.MessageServiceImpl - 发送私信: messageId=80, conversationId=11, senderId=2, receiverId=9
2026-09-11 19:43:14.174 [main] INFO  c.miqu.service.impl.AuthServiceImpl - 用户登录成功: userId=21, username=test018
2026-09-11 19:43:14.183 [main] DEBUG c.m.exception.GlobalExceptionHandler - 业务异常 [POST] /api/messages -> 未登录或登录状态已失效
2026-09-11 19:43:14.250 [main] INFO  c.miqu.service.impl.AuthServiceImpl - 用户登录成功: userId=2, username=test001
2026-09-11 19:43:14.253 [main] DEBUG c.m.exception.GlobalExceptionHandler - 业务异常 [POST] /api/messages -> 用户不存在
2026-09-11 19:43:14.258 [main] INFO  o.s.t.c.s.AnnotationConfigContextLoaderUtils - Could not detect default configuration classes for test class [com.miqu.MiquApplicationTests]: MiquApplicationTests does not declare any static, non-private, non-final, nested classes annotated with @Configuration.
2026-09-11 19:43:14.281 [main] INFO  o.s.b.t.c.SpringBootTestContextBootstrapper - Found @SpringBootConfiguration com.miqu.MiquApplication for test class com.miqu.MiquApplicationTests
2026-09-11 19:43:14.298 [main] INFO  o.s.t.c.s.AnnotationConfigContextLoaderUtils - Could not detect default configuration classes for test class [com.miqu.notification.NotificationControllerTest]: NotificationControllerTest does not declare any static, non-private, non-final, nested classes annotated with @Configuration.
2026-09-11 19:43:14.328 [main] INFO  o.s.b.t.c.SpringBootTestContextBootstrapper - Found @SpringBootConfiguration com.miqu.MiquApplication for test class com.miqu.notification.NotificationControllerTest
2026-09-11 19:43:14.423 [main] INFO  c.miqu.service.impl.AuthServiceImpl - 用户登录成功: userId=2, username=test001
2026-09-11 19:43:14.436 [main] DEBUG c.m.s.impl.NotificationServiceImpl - 通知全部标记已读: userId=2
2026-09-11 19:43:14.520 [main] INFO  c.miqu.service.impl.AuthServiceImpl - 用户登录成功: userId=2, username=test001
2026-09-11 19:43:14.608 [main] INFO  c.miqu.service.impl.AuthServiceImpl - 用户登录成功: userId=2, username=test001
2026-09-11 19:43:14.618 [main] DEBUG c.m.exception.GlobalExceptionHandler - 业务异常 [PUT] /api/notifications/read-all -> 未登录或登录状态已失效
2026-09-11 19:43:14.684 [main] INFO  c.miqu.service.impl.AuthServiceImpl - 用户登录成功: userId=2, username=test001
2026-09-11 19:43:14.749 [main] INFO  c.miqu.service.impl.AuthServiceImpl - 用户登录成功: userId=9, username=test008
2026-09-11 19:43:14.762 [main] DEBUG c.m.s.impl.NotificationServiceImpl - 生成通知: type=1, receiverId=9, actorId=2, postId=null
2026-09-11 19:43:14.762 [main] INFO  c.m.service.impl.FollowServiceImpl - 关注成功: followerId=2, followingId=9
2026-09-11 19:43:14.845 [main] INFO  c.miqu.service.impl.AuthServiceImpl - 用户登录成功: userId=2, username=test001
2026-09-11 19:43:14.921 [main] INFO  c.miqu.service.impl.AuthServiceImpl - 用户登录成功: userId=2, username=test001
2026-09-11 19:43:14.924 [main] DEBUG c.m.exception.GlobalExceptionHandler - 业务异常 [PUT] /api/notifications/999999/read -> 通知不存在
2026-09-11 19:43:14.929 [main] DEBUG c.m.exception.GlobalExceptionHandler - 业务异常 [GET] /api/notifications/unread-count -> 未登录或登录状态已失效
2026-09-11 19:43:14.992 [main] INFO  c.miqu.service.impl.AuthServiceImpl - 用户登录成功: userId=2, username=test001
2026-09-11 19:43:15.066 [main] INFO  c.miqu.service.impl.AuthServiceImpl - 用户登录成功: userId=2, username=test001
2026-09-11 19:43:15.146 [main] INFO  c.miqu.service.impl.AuthServiceImpl - 用户登录成功: userId=3, username=test002
2026-09-11 19:43:15.214 [main] INFO  c.miqu.service.impl.AuthServiceImpl - 用户登录成功: userId=2, username=test001
2026-09-11 19:43:15.219 [main] DEBUG c.m.s.impl.NotificationServiceImpl - 通知全部标记已读: userId=2
2026-09-11 19:43:15.290 [main] INFO  c.miqu.service.impl.AuthServiceImpl - 用户登录成功: userId=21, username=test018
2026-09-11 19:43:15.296 [main] DEBUG c.m.s.impl.NotificationServiceImpl - 通知全部标记已读: userId=21
2026-09-11 19:43:15.367 [main] INFO  c.miqu.service.impl.AuthServiceImpl - 用户登录成功: userId=2, username=test001
2026-09-11 19:43:15.381 [main] DEBUG c.m.exception.GlobalExceptionHandler - 业务异常 [PUT] /api/notifications/1/read -> 未登录或登录状态已失效
2026-09-11 19:43:15.400 [main] DEBUG c.m.exception.GlobalExceptionHandler - 业务异常 [GET] /api/notifications -> 未登录或登录状态已失效
2026-09-11 19:43:15.479 [main] INFO  c.miqu.service.impl.AuthServiceImpl - 用户登录成功: userId=2, username=test001
2026-09-11 19:43:15.552 [main] INFO  c.miqu.service.impl.AuthServiceImpl - 用户登录成功: userId=2, username=test001
2026-09-11 19:43:15.639 [main] INFO  c.miqu.service.impl.AuthServiceImpl - 用户登录成功: userId=2, username=test001
2026-09-11 19:43:15.715 [main] INFO  c.miqu.service.impl.AuthServiceImpl - 用户登录成功: userId=2, username=test001
2026-09-11 19:43:15.723 [main] DEBUG c.m.s.impl.NotificationServiceImpl - 生成通知: type=1, receiverId=9, actorId=2, postId=null
2026-09-11 19:43:15.723 [main] INFO  c.m.service.impl.FollowServiceImpl - 关注成功: followerId=2, followingId=9
2026-09-11 19:43:15.730 [main] DEBUG c.m.exception.GlobalExceptionHandler - 业务异常 [PUT] /api/notifications/48/read -> 无权限执行该操作
2026-09-11 19:43:15.736 [main] INFO  o.s.t.c.s.AnnotationConfigContextLoaderUtils - Could not detect default configuration classes for test class [com.miqu.post.PostControllerTest]: PostControllerTest does not declare any static, non-private, non-final, nested classes annotated with @Configuration.
2026-09-11 19:43:15.762 [main] INFO  o.s.b.t.c.SpringBootTestContextBootstrapper - Found @SpringBootConfiguration com.miqu.MiquApplication for test class com.miqu.post.PostControllerTest
2026-09-11 19:43:15.767 [main] DEBUG c.m.exception.GlobalExceptionHandler - 业务异常 [DELETE] /api/posts/1 -> 未登录或登录状态已失效
2026-09-11 19:43:15.835 [main] INFO  c.miqu.service.impl.AuthServiceImpl - 用户登录成功: userId=2, username=test001
2026-09-11 19:43:15.907 [main] INFO  c.miqu.service.impl.AuthServiceImpl - 用户登录成功: userId=2, username=test001
2026-09-11 19:43:15.991 [main] INFO  c.miqu.service.impl.AuthServiceImpl - 用户登录成功: userId=2, username=test001
2026-09-11 19:43:15.994 [main] DEBUG c.m.exception.GlobalExceptionHandler - 业务异常 [POST] /api/posts -> 图片地址不合法，请先通过上传接口获取
2026-09-11 19:43:16.063 [main] INFO  c.miqu.service.impl.AuthServiceImpl - 用户登录成功: userId=2, username=test001
2026-09-11 19:43:16.070 [main] INFO  c.miqu.service.impl.PostServiceImpl - 发布动态: postId=42, userId=2, imageCount=1
2026-09-11 19:43:16.085 [main] DEBUG c.m.exception.GlobalExceptionHandler - 业务异常 [GET] /api/posts/999999 -> 动态不存在或已被删除
2026-09-11 19:43:16.154 [main] INFO  c.miqu.service.impl.AuthServiceImpl - 用户登录成功: userId=2, username=test001
2026-09-11 19:43:16.247 [main] INFO  c.miqu.service.impl.AuthServiceImpl - 用户登录成功: userId=2, username=test001
2026-09-11 19:43:16.253 [main] INFO  c.miqu.service.impl.PostServiceImpl - 发布动态: postId=43, userId=2, imageCount=0
2026-09-11 19:43:16.263 [main] INFO  c.miqu.service.impl.PostServiceImpl - 删除动态: postId=43, operatorId=2, 作者=2, 管理员=false
2026-09-11 19:43:16.266 [main] DEBUG c.m.exception.GlobalExceptionHandler - 业务异常 [GET] /api/posts/43 -> 动态不存在或已被删除
2026-09-11 19:43:16.334 [main] INFO  c.miqu.service.impl.AuthServiceImpl - 用户登录成功: userId=2, username=test001
2026-09-11 19:43:16.339 [main] DEBUG c.m.exception.GlobalExceptionHandler - 业务异常 [DELETE] /api/posts/2 -> 无权限执行该操作
2026-09-11 19:43:16.407 [main] INFO  c.miqu.service.impl.AuthServiceImpl - 用户登录成功: userId=1, username=admin
2026-09-11 19:43:16.418 [main] INFO  c.miqu.service.impl.PostServiceImpl - 删除动态: postId=2, operatorId=1, 作者=3, 管理员=true
2026-09-11 19:43:16.419 [main] DEBUG c.m.exception.GlobalExceptionHandler - 业务异常 [GET] /api/posts/2 -> 动态不存在或已被删除
2026-09-11 19:43:16.486 [main] INFO  c.miqu.service.impl.AuthServiceImpl - 用户登录成功: userId=2, username=test001
2026-09-11 19:43:16.489 [main] DEBUG c.m.exception.GlobalExceptionHandler - 业务异常 [POST] /api/posts -> 动态内容与图片不能同时为空
2026-09-11 19:43:16.570 [main] INFO  c.miqu.service.impl.AuthServiceImpl - 用户登录成功: userId=2, username=test001
2026-09-11 19:43:16.576 [main] INFO  c.miqu.service.impl.PostServiceImpl - 发布动态: postId=44, userId=2, imageCount=0
2026-09-11 19:43:16.606 [main] DEBUG c.m.exception.GlobalExceptionHandler - 业务异常 [POST] /api/posts -> 未登录或登录状态已失效
2026-09-11 19:43:16.672 [main] INFO  c.miqu.service.impl.AuthServiceImpl - 用户登录成功: userId=2, username=test001
2026-09-11 19:43:16.675 [main] DEBUG c.m.exception.GlobalExceptionHandler - 业务异常 [DELETE] /api/posts/999999 -> 动态不存在或已被删除
2026-09-11 19:43:16.750 [main] INFO  c.miqu.service.impl.AuthServiceImpl - 用户登录成功: userId=2, username=test001
2026-09-11 19:43:16.760 [main] INFO  c.miqu.service.impl.PostServiceImpl - 删除动态: postId=1, operatorId=2, 作者=2, 管理员=false
2026-09-11 19:43:16.762 [main] DEBUG c.m.exception.GlobalExceptionHandler - 业务异常 [GET] /api/posts/1 -> 动态不存在或已被删除
2026-09-11 19:43:16.763 [main] DEBUG c.m.exception.GlobalExceptionHandler - 业务异常 [GET] /api/posts/1/comments -> 动态不存在或已被删除
2026-09-11 19:43:16.843 [main] INFO  c.miqu.service.impl.AuthServiceImpl - 用户登录成功: userId=2, username=test001
2026-09-11 19:43:16.848 [main] INFO  c.miqu.service.impl.PostServiceImpl - 发布动态: postId=45, userId=2, imageCount=0
2026-09-11 19:43:16.933 [main] INFO  c.miqu.service.impl.AuthServiceImpl - 用户登录成功: userId=2, username=test001
2026-09-11 19:43:16.941 [main] DEBUG c.m.exception.GlobalExceptionHandler - 业务异常 [GET] /api/posts -> 未登录或登录状态已失效
2026-09-11 19:43:17.004 [main] INFO  c.miqu.service.impl.AuthServiceImpl - 用户登录成功: userId=2, username=test001
2026-09-11 19:43:17.104 [main] INFO  c.miqu.service.impl.AuthServiceImpl - 用户登录成功: userId=2, username=test001
2026-09-11 19:43:17.111 [main] INFO  c.miqu.service.impl.PostServiceImpl - 发布动态: postId=46, userId=2, imageCount=2
2026-09-11 19:43:17.121 [main] INFO  o.s.t.c.s.AnnotationConfigContextLoaderUtils - Could not detect default configuration classes for test class [com.miqu.post.PostLikeControllerTest]: PostLikeControllerTest does not declare any static, non-private, non-final, nested classes annotated with @Configuration.
2026-09-11 19:43:17.122 [main] INFO  o.s.b.t.c.SpringBootTestContextBootstrapper - Found @SpringBootConfiguration com.miqu.MiquApplication for test class com.miqu.post.PostLikeControllerTest
2026-09-11 19:43:17.187 [main] INFO  c.miqu.service.impl.AuthServiceImpl - 用户登录成功: userId=2, username=test001
2026-09-11 19:43:17.192 [main] INFO  c.miqu.service.impl.PostServiceImpl - 发布动态: postId=47, userId=2, imageCount=0
2026-09-11 19:43:17.252 [main] INFO  c.miqu.service.impl.AuthServiceImpl - 用户登录成功: userId=3, username=test002
2026-09-11 19:43:17.259 [main] DEBUG c.m.s.impl.NotificationServiceImpl - 生成通知: type=2, receiverId=2, actorId=3, postId=47
2026-09-11 19:43:17.259 [main] INFO  c.miqu.service.impl.PostServiceImpl - 点赞: postId=47, userId=3
2026-09-11 19:43:17.267 [main] INFO  c.miqu.service.impl.PostServiceImpl - 取消点赞: postId=47, userId=3
2026-09-11 19:43:17.334 [main] INFO  c.miqu.service.impl.AuthServiceImpl - 用户登录成功: userId=2, username=test001
2026-09-11 19:43:17.339 [main] INFO  c.miqu.service.impl.PostServiceImpl - 发布动态: postId=48, userId=2, imageCount=0
2026-09-11 19:43:17.401 [main] INFO  c.miqu.service.impl.AuthServiceImpl - 用户登录成功: userId=3, username=test002
2026-09-11 19:43:17.407 [main] DEBUG c.m.s.impl.NotificationServiceImpl - 生成通知: type=2, receiverId=2, actorId=3, postId=48
2026-09-11 19:43:17.408 [main] INFO  c.miqu.service.impl.PostServiceImpl - 点赞: postId=48, userId=3
2026-09-11 19:43:17.413 [main] INFO  c.miqu.service.impl.PostServiceImpl - 取消点赞: postId=48, userId=3
2026-09-11 19:43:17.486 [main] INFO  c.miqu.service.impl.AuthServiceImpl - 用户登录成功: userId=2, username=test001
2026-09-11 19:43:17.500 [main] INFO  c.miqu.service.impl.PostServiceImpl - 发布动态: postId=49, userId=2, imageCount=0
2026-09-11 19:43:17.562 [main] INFO  c.miqu.service.impl.AuthServiceImpl - 用户登录成功: userId=3, username=test002
2026-09-11 19:43:17.566 [main] DEBUG c.m.exception.GlobalExceptionHandler - 业务异常 [DELETE] /api/posts/49/like -> 尚未点赞该动态
2026-09-11 19:43:17.631 [main] INFO  c.miqu.service.impl.AuthServiceImpl - 用户登录成功: userId=3, username=test002
2026-09-11 19:43:17.634 [main] DEBUG c.m.exception.GlobalExceptionHandler - 业务异常 [POST] /api/posts/999999/like -> 动态不存在或已被删除
2026-09-11 19:43:17.698 [main] INFO  c.miqu.service.impl.AuthServiceImpl - 用户登录成功: userId=2, username=test001
2026-09-11 19:43:17.702 [main] INFO  c.miqu.service.impl.PostServiceImpl - 发布动态: postId=50, userId=2, imageCount=0
2026-09-11 19:43:17.761 [main] INFO  c.miqu.service.impl.AuthServiceImpl - 用户登录成功: userId=3, username=test002
2026-09-11 19:43:17.770 [main] DEBUG c.m.s.impl.NotificationServiceImpl - 生成通知: type=2, receiverId=2, actorId=3, postId=50
2026-09-11 19:43:17.770 [main] INFO  c.miqu.service.impl.PostServiceImpl - 点赞: postId=50, userId=3
2026-09-11 19:43:17.773 [main] DEBUG c.m.exception.GlobalExceptionHandler - 业务异常 [POST] /api/posts/50/like -> 已经点赞过该动态
2026-09-11 19:43:17.839 [main] INFO  c.miqu.service.impl.AuthServiceImpl - 用户登录成功: userId=2, username=test001
2026-09-11 19:43:17.845 [main] INFO  c.miqu.service.impl.PostServiceImpl - 发布动态: postId=51, userId=2, imageCount=0
2026-09-11 19:43:17.906 [main] INFO  c.miqu.service.impl.AuthServiceImpl - 用户登录成功: userId=2, username=test001
2026-09-11 19:43:17.911 [main] INFO  c.miqu.service.impl.PostServiceImpl - 点赞: postId=51, userId=2
2026-09-11 19:43:17.972 [main] INFO  c.miqu.service.impl.AuthServiceImpl - 用户登录成功: userId=2, username=test001
2026-09-11 19:43:17.977 [main] INFO  c.miqu.service.impl.PostServiceImpl - 发布动态: postId=52, userId=2, imageCount=0
2026-09-11 19:43:18.040 [main] INFO  c.miqu.service.impl.AuthServiceImpl - 用户登录成功: userId=3, username=test002
2026-09-11 19:43:18.053 [main] DEBUG c.m.s.impl.NotificationServiceImpl - 生成通知: type=2, receiverId=2, actorId=3, postId=52
2026-09-11 19:43:18.053 [main] INFO  c.miqu.service.impl.PostServiceImpl - 点赞: postId=52, userId=3
2026-09-11 19:43:18.118 [main] INFO  c.miqu.service.impl.AuthServiceImpl - 用户登录成功: userId=2, username=test001
2026-09-11 19:43:18.124 [main] INFO  c.miqu.service.impl.PostServiceImpl - 发布动态: postId=53, userId=2, imageCount=0
2026-09-11 19:43:18.184 [main] INFO  c.miqu.service.impl.AuthServiceImpl - 用户登录成功: userId=3, username=test002
2026-09-11 19:43:18.191 [main] DEBUG c.m.s.impl.NotificationServiceImpl - 生成通知: type=2, receiverId=2, actorId=3, postId=53
2026-09-11 19:43:18.191 [main] INFO  c.miqu.service.impl.PostServiceImpl - 点赞: postId=53, userId=3
2026-09-11 19:43:18.197 [main] DEBUG c.m.exception.GlobalExceptionHandler - 业务异常 [POST] /api/posts/1/like -> 未登录或登录状态已失效
2026-09-11 19:43:18.261 [main] INFO  c.miqu.service.impl.AuthServiceImpl - 用户登录成功: userId=2, username=test001
2026-09-11 19:43:18.268 [main] INFO  c.miqu.service.impl.PostServiceImpl - 发布动态: postId=54, userId=2, imageCount=0
2026-09-11 19:43:18.330 [main] INFO  c.miqu.service.impl.AuthServiceImpl - 用户登录成功: userId=3, username=test002
2026-09-11 19:43:18.338 [main] DEBUG c.m.s.impl.NotificationServiceImpl - 生成通知: type=2, receiverId=2, actorId=3, postId=54
2026-09-11 19:43:18.338 [main] INFO  c.miqu.service.impl.PostServiceImpl - 点赞: postId=54, userId=3
2026-09-11 19:43:18.346 [main] INFO  c.miqu.service.impl.PostServiceImpl - 取消点赞: postId=54, userId=3
2026-09-11 19:43:18.358 [main] DEBUG c.m.s.impl.NotificationServiceImpl - 生成通知: type=2, receiverId=2, actorId=3, postId=54
2026-09-11 19:43:18.358 [main] INFO  c.miqu.service.impl.PostServiceImpl - 点赞: postId=54, userId=3
2026-09-11 19:43:18.427 [main] INFO  c.miqu.service.impl.AuthServiceImpl - 用户登录成功: userId=2, username=test001
2026-09-11 19:43:18.432 [main] INFO  c.miqu.service.impl.PostServiceImpl - 发布动态: postId=55, userId=2, imageCount=0
2026-09-11 19:43:18.500 [main] INFO  c.miqu.service.impl.AuthServiceImpl - 用户登录成功: userId=3, username=test002
2026-09-11 19:43:18.511 [main] DEBUG c.m.s.impl.NotificationServiceImpl - 生成通知: type=2, receiverId=2, actorId=3, postId=55
2026-09-11 19:43:18.511 [main] INFO  c.miqu.service.impl.PostServiceImpl - 点赞: postId=55, userId=3
2026-09-11 19:43:18.523 [main] INFO  c.miqu.service.impl.PostServiceImpl - 取消点赞: postId=55, userId=3
2026-09-11 19:43:18.529 [main] DEBUG c.m.s.impl.NotificationServiceImpl - 生成通知: type=2, receiverId=2, actorId=3, postId=55
2026-09-11 19:43:18.529 [main] INFO  c.miqu.service.impl.PostServiceImpl - 点赞: postId=55, userId=3
2026-09-11 19:43:18.541 [main] INFO  c.miqu.service.impl.PostServiceImpl - 取消点赞: postId=55, userId=3
2026-09-11 19:43:18.552 [main] DEBUG c.m.s.impl.NotificationServiceImpl - 生成通知: type=2, receiverId=2, actorId=3, postId=55
2026-09-11 19:43:18.552 [main] INFO  c.miqu.service.impl.PostServiceImpl - 点赞: postId=55, userId=3
2026-09-11 19:43:18.558 [main] INFO  c.miqu.service.impl.PostServiceImpl - 取消点赞: postId=55, userId=3
2026-09-11 19:43:18.624 [main] INFO  c.miqu.service.impl.AuthServiceImpl - 用户登录成功: userId=2, username=test001
2026-09-11 19:43:18.629 [main] INFO  c.miqu.service.impl.PostServiceImpl - 发布动态: postId=56, userId=2, imageCount=0
2026-09-11 19:43:18.689 [main] INFO  c.miqu.service.impl.AuthServiceImpl - 用户登录成功: userId=3, username=test002
2026-09-11 19:43:18.697 [main] DEBUG c.m.s.impl.NotificationServiceImpl - 生成通知: type=2, receiverId=2, actorId=3, postId=56
2026-09-11 19:43:18.697 [main] INFO  c.miqu.service.impl.PostServiceImpl - 点赞: postId=56, userId=3
2026-09-11 19:43:18.758 [main] INFO  c.miqu.service.impl.AuthServiceImpl - 用户登录成功: userId=4, username=test003
2026-09-11 19:43:18.772 [main] DEBUG c.m.s.impl.NotificationServiceImpl - 生成通知: type=2, receiverId=2, actorId=4, postId=56
2026-09-11 19:43:18.773 [main] INFO  c.miqu.service.impl.PostServiceImpl - 点赞: postId=56, userId=4
2026-09-11 19:43:18.850 [main] INFO  c.miqu.service.impl.AuthServiceImpl - 用户登录成功: userId=5, username=test004
2026-09-11 19:43:18.856 [main] DEBUG c.m.s.impl.NotificationServiceImpl - 生成通知: type=2, receiverId=2, actorId=5, postId=56
2026-09-11 19:43:18.856 [main] INFO  c.miqu.service.impl.PostServiceImpl - 点赞: postId=56, userId=5
2026-09-11 19:43:18.869 [main] INFO  o.s.t.c.s.AnnotationConfigContextLoaderUtils - Could not detect default configuration classes for test class [com.miqu.report.ReportControllerTest]: ReportControllerTest does not declare any static, non-private, non-final, nested classes annotated with @Configuration.
2026-09-11 19:43:18.898 [main] INFO  o.s.b.t.c.SpringBootTestContextBootstrapper - Found @SpringBootConfiguration com.miqu.MiquApplication for test class com.miqu.report.ReportControllerTest
2026-09-11 19:43:18.963 [main] INFO  c.miqu.service.impl.AuthServiceImpl - 用户登录成功: userId=2, username=test001
2026-09-11 19:43:18.967 [main] DEBUG c.m.exception.GlobalExceptionHandler - 业务异常 [POST] /api/reports -> 不能举报自己
2026-09-11 19:43:19.038 [main] INFO  c.miqu.service.impl.AuthServiceImpl - 用户登录成功: userId=2, username=test001
2026-09-11 19:43:19.043 [main] INFO  c.m.service.impl.ReportServiceImpl - 提交举报: reportId=7, reporterId=2, target=(2, 2)
2026-09-11 19:43:19.045 [main] DEBUG c.m.exception.GlobalExceptionHandler - 业务异常 [POST] /api/reports -> 你已经举报过该内容
2026-09-11 19:43:19.105 [main] INFO  c.miqu.service.impl.AuthServiceImpl - 用户登录成功: userId=2, username=test001
2026-09-11 19:43:19.110 [main] INFO  c.m.service.impl.ReportServiceImpl - 提交举报: reportId=8, reporterId=2, target=(1, 15)
2026-09-11 19:43:19.175 [main] INFO  c.miqu.service.impl.AuthServiceImpl - 用户登录成功: userId=2, username=test001
2026-09-11 19:43:19.182 [main] INFO  c.m.service.impl.ReportServiceImpl - 提交举报: reportId=9, reporterId=2, target=(3, 1)
2026-09-11 19:43:19.185 [main] DEBUG c.m.exception.GlobalExceptionHandler - 业务异常 [POST] /api/reports -> 未登录或登录状态已失效
2026-09-11 19:43:19.248 [main] INFO  c.miqu.service.impl.AuthServiceImpl - 用户登录成功: userId=2, username=test001
2026-09-11 19:43:19.256 [main] INFO  c.m.service.impl.ReportServiceImpl - 提交举报: reportId=10, reporterId=2, target=(2, 2)
2026-09-11 19:43:19.319 [main] INFO  c.miqu.service.impl.AuthServiceImpl - 用户登录成功: userId=2, username=test001
2026-09-11 19:43:19.380 [main] INFO  c.miqu.service.impl.AuthServiceImpl - 用户登录成功: userId=1, username=admin
2026-09-11 19:43:19.393 [main] INFO  c.m.service.impl.ReportServiceImpl - 提交举报: reportId=11, reporterId=2, target=(2, 2)
2026-09-11 19:43:19.463 [main] INFO  c.miqu.service.impl.AuthServiceImpl - 用户登录成功: userId=2, username=test001
2026-09-11 19:43:19.467 [main] DEBUG c.m.exception.GlobalExceptionHandler - 业务异常 [POST] /api/reports -> 用户不存在
2026-09-11 19:43:19.530 [main] INFO  c.miqu.service.impl.AuthServiceImpl - 用户登录成功: userId=2, username=test001
2026-09-11 19:43:19.597 [main] INFO  c.miqu.service.impl.AuthServiceImpl - 用户登录成功: userId=2, username=test001
2026-09-11 19:43:19.603 [main] INFO  c.m.service.impl.ReportServiceImpl - 提交举报: reportId=12, reporterId=2, target=(1, 12)
2026-09-11 19:43:19.665 [main] INFO  c.miqu.service.impl.AuthServiceImpl - 用户登录成功: userId=2, username=test001
2026-09-11 19:43:19.668 [main] DEBUG c.m.exception.GlobalExceptionHandler - 业务异常 [POST] /api/reports -> 动态不存在或已被删除
2026-09-11 19:43:19.669 [main] DEBUG c.m.exception.GlobalExceptionHandler - 业务异常 [POST] /api/reports -> 用户不存在
2026-09-11 19:43:19.670 [main] DEBUG c.m.exception.GlobalExceptionHandler - 业务异常 [POST] /api/reports -> 评论不存在或已被删除
2026-09-11 19:43:19.739 [main] INFO  c.miqu.service.impl.AuthServiceImpl - 用户登录成功: userId=2, username=test001
2026-09-11 19:43:19.797 [main] INFO  c.miqu.service.impl.AuthServiceImpl - 用户登录成功: userId=2, username=test001
2026-09-11 19:43:19.799 [main] DEBUG c.m.exception.GlobalExceptionHandler - 业务异常 [POST] /api/reports -> 不能举报自己
2026-09-11 19:43:19.800 [main] INFO  o.s.t.c.s.AnnotationConfigContextLoaderUtils - Could not detect default configuration classes for test class [com.miqu.user.UserControllerTest]: UserControllerTest does not declare any static, non-private, non-final, nested classes annotated with @Configuration.
2026-09-11 19:43:19.826 [main] INFO  o.s.b.t.c.SpringBootTestContextBootstrapper - Found @SpringBootConfiguration com.miqu.MiquApplication for test class com.miqu.user.UserControllerTest
2026-09-11 19:43:19.891 [main] INFO  c.miqu.service.impl.AuthServiceImpl - 用户登录成功: userId=2, username=test001
2026-09-11 19:43:19.962 [main] INFO  c.miqu.service.impl.AuthServiceImpl - 用户登录成功: userId=2, username=test001
2026-09-11 19:43:19.978 [main] DEBUG c.m.exception.GlobalExceptionHandler - 业务异常 [GET] /api/users/me -> 账号已被禁用，请联系管理员
2026-09-11 19:43:19.981 [main] DEBUG c.m.exception.GlobalExceptionHandler - 业务异常 [GET] /api/users/me -> 未登录或登录状态已失效
2026-09-11 19:43:20.061 [main] INFO  c.miqu.service.impl.AuthServiceImpl - 用户登录成功: userId=2, username=test001
2026-09-11 19:43:20.196 [main] DEBUG c.m.exception.GlobalExceptionHandler - 业务异常 [PUT] /api/users/me/password -> 新密码不能与原密码相同
2026-09-11 19:43:20.261 [main] INFO  c.miqu.service.impl.AuthServiceImpl - 用户登录成功: userId=2, username=test001
2026-09-11 19:43:20.268 [main] DEBUG com.miqu.security.JwtTokenProvider - JWT 解析失败：Invalid compact JWT string: Compact JWSs must contain exactly 2 period characters, and compact JWEs must contain exactly 4.  Found: 3
2026-09-11 19:43:20.268 [main] DEBUG c.m.exception.GlobalExceptionHandler - 业务异常 [GET] /api/users/me -> 未登录或登录状态已失效
2026-09-11 19:43:20.337 [main] INFO  c.miqu.service.impl.AuthServiceImpl - 用户登录成功: userId=2, username=test001
2026-09-11 19:43:20.404 [main] INFO  c.miqu.service.impl.AuthServiceImpl - 用户登录成功: userId=2, username=test001
2026-09-11 19:43:20.465 [main] DEBUG c.m.exception.GlobalExceptionHandler - 业务异常 [PUT] /api/users/me/password -> 原密码不正确
2026-09-11 19:43:20.537 [main] INFO  c.miqu.service.impl.AuthServiceImpl - 用户登录成功: userId=2, username=test001
2026-09-11 19:43:20.724 [main] INFO  c.miqu.service.impl.UserServiceImpl - 用户修改密码: userId=2
2026-09-11 19:43:20.787 [main] INFO  c.miqu.service.impl.AuthServiceImpl - 登录失败: username=test001, 原因=凭证不匹配
2026-09-11 19:43:20.788 [main] DEBUG c.m.exception.GlobalExceptionHandler - 业务异常 [POST] /api/auth/login -> 用户名或密码错误
2026-09-11 19:43:20.846 [main] INFO  c.miqu.service.impl.AuthServiceImpl - 用户登录成功: userId=2, username=test001
2026-09-11 19:43:20.914 [main] INFO  c.miqu.service.impl.AuthServiceImpl - 用户登录成功: userId=2, username=test001
2026-09-11 19:43:20.918 [main] INFO  c.miqu.service.impl.UserServiceImpl - 用户修改头像: userId=2
2026-09-11 19:43:20.924 [main] DEBUG c.m.exception.GlobalExceptionHandler - 业务异常 [PUT] /api/users/me -> 未登录或登录状态已失效
2026-09-11 19:43:20.991 [main] INFO  c.miqu.service.impl.AuthServiceImpl - 用户登录成功: userId=2, username=test001
2026-09-11 19:43:20.991 [main] DEBUG c.m.exception.GlobalExceptionHandler - 业务异常 [GET] /api/users/me -> 未登录或登录状态已失效
2026-09-11 19:43:21.056 [main] INFO  c.miqu.service.impl.AuthServiceImpl - 用户登录成功: userId=2, username=test001
2026-09-11 19:43:21.061 [main] INFO  c.miqu.service.impl.UserServiceImpl - 用户修改资料: userId=2
2026-09-11 19:43:21.132 [main] INFO  c.miqu.service.impl.AuthServiceImpl - 用户登录成功: userId=2, username=test001
2026-09-11 19:43:21.138 [main] DEBUG c.m.exception.GlobalExceptionHandler - 业务异常 [GET] /api/users/me -> 未登录或登录状态已失效
2026-09-11 19:43:21.142 [main] DEBUG c.m.exception.GlobalExceptionHandler - 业务异常 [GET] /api/users/me -> 未登录或登录状态已失效
2026-09-11 19:43:21.146 [main] INFO  o.s.t.c.s.AnnotationConfigContextLoaderUtils - Could not detect default configuration classes for test class [com.miqu.user.UserSearchTest]: UserSearchTest does not declare any static, non-private, non-final, nested classes annotated with @Configuration.
2026-09-11 19:43:21.147 [main] INFO  o.s.b.t.c.SpringBootTestContextBootstrapper - Found @SpringBootConfiguration com.miqu.MiquApplication for test class com.miqu.user.UserSearchTest
2026-09-11 19:43:21.220 [main] INFO  c.miqu.service.impl.AuthServiceImpl - 用户登录成功: userId=2, username=test001
2026-09-11 19:43:21.327 [SpringApplicationShutdownHook] INFO  com.zaxxer.hikari.HikariDataSource - MiquHikariPool - Shutdown initiated...
2026-09-11 19:43:21.335 [SpringApplicationShutdownHook] INFO  com.zaxxer.hikari.HikariDataSource - MiquHikariPool - Shutdown completed.
2026-09-11 19:43:21.338 [SpringApplicationShutdownHook] INFO  com.zaxxer.hikari.HikariDataSource - MiquHikariPool - Shutdown initiated...
2026-09-11 19:43:21.339 [SpringApplicationShutdownHook] INFO  com.zaxxer.hikari.HikariDataSource - MiquHikariPool - Shutdown completed.
2026-09-11 20:08:16.418 [background-preinit] INFO  o.h.validator.internal.util.Version - HV000001: Hibernate Validator 8.0.2.Final
2026-09-11 20:08:16.444 [main] INFO  com.miqu.MiquApplication - Starting MiquApplication v1.0.0 using Java 25 with PID 7396 (D:\Projects\Miqu\backend\target\miqu-backend-1.0.0.jar started by 张志鹏 in D:\Projects\Miqu\backend)
2026-09-11 20:08:16.445 [main] DEBUG com.miqu.MiquApplication - Running with Spring Boot v3.4.7, Spring v6.2.8
2026-09-11 20:08:16.445 [main] INFO  com.miqu.MiquApplication - No active profile set, falling back to 1 default profile: "default"
2026-09-11 20:08:17.368 [main] INFO  o.s.b.w.e.tomcat.TomcatWebServer - Tomcat initialized with port 8081 (http)
2026-09-11 20:08:17.383 [main] INFO  o.a.coyote.http11.Http11NioProtocol - Initializing ProtocolHandler ["http-nio-8081"]
2026-09-11 20:08:17.384 [main] INFO  o.a.catalina.core.StandardService - Starting service [Tomcat]
2026-09-11 20:08:17.385 [main] INFO  o.a.catalina.core.StandardEngine - Starting Servlet engine: [Apache Tomcat/10.1.42]
2026-09-11 20:08:17.419 [main] INFO  o.a.c.c.C.[Tomcat].[localhost].[/] - Initializing Spring embedded WebApplicationContext
2026-09-11 20:08:17.419 [main] INFO  o.s.b.w.s.c.ServletWebServerApplicationContext - Root WebApplicationContext: initialization completed in 944 ms
2026-09-11 20:08:17.711 [main] DEBUG c.m.security.JwtAuthenticationFilter - Filter 'jwtAuthenticationFilter' configured for use
2026-09-11 20:08:18.211 [main] WARN  o.s.w.s.r.ResourceHandlerUtils - Appended trailing slash to static resource location: file:///D:/Projects/Miqu/backend/uploads/
2026-09-11 20:08:18.399 [main] INFO  o.a.coyote.http11.Http11NioProtocol - Starting ProtocolHandler ["http-nio-8081"]
2026-09-11 20:08:18.426 [main] INFO  o.s.b.w.e.tomcat.TomcatWebServer - Tomcat started on port 8081 (http) with context path '/'
2026-09-11 20:08:18.432 [main] INFO  com.miqu.MiquApplication - Started MiquApplication in 2.375 seconds (process running for 2.634)
2026-09-11 20:08:18.433 [main] INFO  com.miqu.MiquApplication - 
----------------------------------------------------------
  Miqu 觅取社交系统启动完成
  接口文档: http://localhost:8081/swagger-ui.html
  健康检查: http://localhost:8081/api/health
----------------------------------------------------------
2026-09-11 20:08:45.559 [http-nio-8081-exec-1] INFO  o.a.c.c.C.[Tomcat].[localhost].[/] - Initializing Spring DispatcherServlet 'dispatcherServlet'
2026-09-11 20:08:45.559 [http-nio-8081-exec-1] INFO  o.s.web.servlet.DispatcherServlet - Initializing Servlet 'dispatcherServlet'
2026-09-11 20:08:45.561 [http-nio-8081-exec-1] INFO  o.s.web.servlet.DispatcherServlet - Completed initialization in 2 ms
2026-09-11 20:08:45.946 [http-nio-8081-exec-8] INFO  com.zaxxer.hikari.HikariDataSource - MiquHikariPool - Starting...
2026-09-11 20:08:46.106 [http-nio-8081-exec-8] INFO  com.zaxxer.hikari.pool.HikariPool - MiquHikariPool - Added connection com.mysql.cj.jdbc.ConnectionImpl@3062756
2026-09-11 20:08:46.108 [http-nio-8081-exec-8] INFO  com.zaxxer.hikari.HikariDataSource - MiquHikariPool - Start completed.
2026-09-11 20:08:46.341 [http-nio-8081-exec-8] INFO  c.miqu.service.impl.AuthServiceImpl - 用户登录成功: userId=2, username=test001
2026-09-11 20:17:07.824 [background-preinit] INFO  o.h.validator.internal.util.Version - HV000001: Hibernate Validator 8.0.2.Final
2026-09-11 20:17:07.867 [main] INFO  com.miqu.MiquApplication - Starting MiquApplication v1.0.0 using Java 25 with PID 14620 (D:\Projects\Miqu\backend\target\miqu-backend-1.0.0.jar started by 张志鹏 in D:\Projects\Miqu\backend)
2026-09-11 20:17:07.867 [main] DEBUG com.miqu.MiquApplication - Running with Spring Boot v3.4.7, Spring v6.2.8
2026-09-11 20:17:07.868 [main] INFO  com.miqu.MiquApplication - No active profile set, falling back to 1 default profile: "default"
2026-09-11 20:17:08.883 [main] INFO  o.s.b.w.e.tomcat.TomcatWebServer - Tomcat initialized with port 8081 (http)
2026-09-11 20:17:08.904 [main] INFO  o.a.coyote.http11.Http11NioProtocol - Initializing ProtocolHandler ["http-nio-8081"]
2026-09-11 20:17:08.905 [main] INFO  o.a.catalina.core.StandardService - Starting service [Tomcat]
2026-09-11 20:17:08.905 [main] INFO  o.a.catalina.core.StandardEngine - Starting Servlet engine: [Apache Tomcat/10.1.42]
2026-09-11 20:17:08.943 [main] INFO  o.a.c.c.C.[Tomcat].[localhost].[/] - Initializing Spring embedded WebApplicationContext
2026-09-11 20:17:08.943 [main] INFO  o.s.b.w.s.c.ServletWebServerApplicationContext - Root WebApplicationContext: initialization completed in 1039 ms
2026-09-11 20:17:09.362 [main] DEBUG c.m.security.JwtAuthenticationFilter - Filter 'jwtAuthenticationFilter' configured for use
2026-09-11 20:17:09.992 [main] WARN  o.s.w.s.r.ResourceHandlerUtils - Appended trailing slash to static resource location: file:///D:/Projects/Miqu/backend/uploads/
2026-09-11 20:17:10.220 [main] INFO  o.a.coyote.http11.Http11NioProtocol - Starting ProtocolHandler ["http-nio-8081"]
2026-09-11 20:17:10.252 [main] INFO  o.s.b.w.e.tomcat.TomcatWebServer - Tomcat started on port 8081 (http) with context path '/'
2026-09-11 20:17:10.260 [main] INFO  com.miqu.MiquApplication - Started MiquApplication in 2.89 seconds (process running for 3.168)
2026-09-11 20:17:10.261 [main] INFO  com.miqu.MiquApplication - 
----------------------------------------------------------
  Miqu 觅取社交系统启动完成
  接口文档: http://localhost:8081/swagger-ui.html
  健康检查: http://localhost:8081/api/health
----------------------------------------------------------
2026-09-11 20:17:42.497 [http-nio-8081-exec-1] INFO  o.a.c.c.C.[Tomcat].[localhost].[/] - Initializing Spring DispatcherServlet 'dispatcherServlet'
2026-09-11 20:17:42.497 [http-nio-8081-exec-1] INFO  o.s.web.servlet.DispatcherServlet - Initializing Servlet 'dispatcherServlet'
2026-09-11 20:17:42.497 [http-nio-8081-exec-1] INFO  o.s.web.servlet.DispatcherServlet - Completed initialization in 0 ms
2026-09-11 20:17:42.731 [http-nio-8081-exec-2] INFO  com.zaxxer.hikari.HikariDataSource - MiquHikariPool - Starting...
2026-09-11 20:17:42.831 [http-nio-8081-exec-2] INFO  com.zaxxer.hikari.pool.HikariPool - MiquHikariPool - Added connection com.mysql.cj.jdbc.ConnectionImpl@11bde37c
2026-09-11 20:17:42.833 [http-nio-8081-exec-2] INFO  com.zaxxer.hikari.HikariDataSource - MiquHikariPool - Start completed.
2026-09-11 20:17:43.004 [http-nio-8081-exec-2] INFO  c.miqu.service.impl.AuthServiceImpl - 用户登录成功: userId=2, username=test001
2026-09-11 20:30:09.342 [background-preinit] INFO  o.h.validator.internal.util.Version - HV000001: Hibernate Validator 8.0.2.Final
2026-09-11 20:30:09.375 [main] INFO  c.miqu.admin.AdminAccessControlTest - Starting AdminAccessControlTest using Java 21.0.11 with PID 20972 (started by 张志鹏 in D:\Projects\Miqu\backend)
2026-09-11 20:30:09.375 [main] DEBUG c.miqu.admin.AdminAccessControlTest - Running with Spring Boot v3.4.7, Spring v6.2.8
2026-09-11 20:30:09.376 [main] INFO  c.miqu.admin.AdminAccessControlTest - No active profile set, falling back to 1 default profile: "default"
2026-09-11 20:30:11.447 [main] WARN  o.s.w.s.r.ResourceHandlerUtils - Appended trailing slash to static resource location: file:///D:/Projects/Miqu/backend/uploads/
2026-09-11 20:30:12.025 [main] DEBUG c.m.security.JwtAuthenticationFilter - Filter 'jwtAuthenticationFilter' configured for use
2026-09-11 20:30:12.027 [main] INFO  o.s.b.t.m.w.SpringBootMockServletContext - Initializing Spring TestDispatcherServlet ''
2026-09-11 20:30:12.027 [main] INFO  o.s.t.w.s.TestDispatcherServlet - Initializing Servlet ''
2026-09-11 20:30:12.028 [main] INFO  o.s.t.w.s.TestDispatcherServlet - Completed initialization in 1 ms
2026-09-11 20:30:12.067 [main] INFO  c.miqu.admin.AdminAccessControlTest - Started AdminAccessControlTest in 3.023 seconds (process running for 3.888)
2026-09-11 20:30:12.091 [main] INFO  com.zaxxer.hikari.HikariDataSource - MiquHikariPool - Starting...
2026-09-11 20:30:12.390 [main] INFO  com.zaxxer.hikari.pool.HikariPool - MiquHikariPool - Added connection com.mysql.cj.jdbc.ConnectionImpl@51df2a41
2026-09-11 20:30:12.392 [main] INFO  com.zaxxer.hikari.HikariDataSource - MiquHikariPool - Start completed.
2026-09-11 20:30:13.674 [main] INFO  c.miqu.service.impl.AuthServiceImpl - 用户登录成功: userId=2, username=test001
2026-09-11 20:30:13.799 [main] DEBUG c.m.exception.GlobalExceptionHandler - 业务异常 [GET] /api/admin/stats -> 未登录或登录状态已失效
2026-09-11 20:30:13.864 [main] DEBUG c.m.exception.GlobalExceptionHandler - 业务异常 [GET] /api/admin/stats -> 无权限执行该操作
2026-09-11 20:30:14.007 [main] INFO  c.miqu.service.impl.AuthServiceImpl - 用户登录成功: userId=2, username=test001
2026-09-11 20:30:14.015 [main] DEBUG c.m.exception.GlobalExceptionHandler - 业务异常 [GET] /api/admin/stats -> 无权限执行该操作
2026-09-11 20:30:14.054 [main] DEBUG c.m.exception.GlobalExceptionHandler - 业务异常 [GET] /api/admin/users -> 无权限执行该操作
2026-09-11 20:30:14.057 [main] DEBUG c.m.exception.GlobalExceptionHandler - 业务异常 [GET] /api/admin/users/2 -> 无权限执行该操作
2026-09-11 20:30:14.060 [main] DEBUG c.m.exception.GlobalExceptionHandler - 业务异常 [PUT] /api/admin/users/2/status -> 无权限执行该操作
2026-09-11 20:30:14.062 [main] DEBUG c.m.exception.GlobalExceptionHandler - 业务异常 [GET] /api/admin/posts -> 无权限执行该操作
2026-09-11 20:30:14.065 [main] DEBUG c.m.exception.GlobalExceptionHandler - 业务异常 [DELETE] /api/admin/posts/1 -> 无权限执行该操作
2026-09-11 20:30:14.067 [main] DEBUG c.m.exception.GlobalExceptionHandler - 业务异常 [GET] /api/admin/comments -> 无权限执行该操作
2026-09-11 20:30:14.070 [main] DEBUG c.m.exception.GlobalExceptionHandler - 业务异常 [DELETE] /api/admin/comments/1 -> 无权限执行该操作
2026-09-11 20:30:14.072 [main] DEBUG c.m.exception.GlobalExceptionHandler - 业务异常 [GET] /api/admin/reports -> 无权限执行该操作
2026-09-11 20:30:14.074 [main] DEBUG c.m.exception.GlobalExceptionHandler - 业务异常 [PUT] /api/admin/reports/1/handle -> 无权限执行该操作
2026-09-11 20:30:14.076 [main] DEBUG c.m.exception.GlobalExceptionHandler - 业务异常 [GET] /api/admin/logs -> 无权限执行该操作
2026-09-11 20:30:14.084 [main] DEBUG c.m.exception.GlobalExceptionHandler - 业务异常 [GET] /api/admin/stats -> 未登录或登录状态已失效
2026-09-11 20:30:14.088 [main] DEBUG c.m.exception.GlobalExceptionHandler - 业务异常 [GET] /api/admin/users -> 未登录或登录状态已失效
2026-09-11 20:30:14.089 [main] DEBUG c.m.exception.GlobalExceptionHandler - 业务异常 [GET] /api/admin/users/2 -> 未登录或登录状态已失效
2026-09-11 20:30:14.091 [main] DEBUG c.m.exception.GlobalExceptionHandler - 业务异常 [PUT] /api/admin/users/2/status -> 未登录或登录状态已失效
2026-09-11 20:30:14.093 [main] DEBUG c.m.exception.GlobalExceptionHandler - 业务异常 [GET] /api/admin/posts -> 未登录或登录状态已失效
2026-09-11 20:30:14.094 [main] DEBUG c.m.exception.GlobalExceptionHandler - 业务异常 [DELETE] /api/admin/posts/1 -> 未登录或登录状态已失效
2026-09-11 20:30:14.096 [main] DEBUG c.m.exception.GlobalExceptionHandler - 业务异常 [GET] /api/admin/comments -> 未登录或登录状态已失效
2026-09-11 20:30:14.096 [main] DEBUG c.m.exception.GlobalExceptionHandler - 业务异常 [DELETE] /api/admin/comments/1 -> 未登录或登录状态已失效
2026-09-11 20:30:14.098 [main] DEBUG c.m.exception.GlobalExceptionHandler - 业务异常 [GET] /api/admin/reports -> 未登录或登录状态已失效
2026-09-11 20:30:14.099 [main] DEBUG c.m.exception.GlobalExceptionHandler - 业务异常 [PUT] /api/admin/reports/1/handle -> 未登录或登录状态已失效
2026-09-11 20:30:14.101 [main] DEBUG c.m.exception.GlobalExceptionHandler - 业务异常 [GET] /api/admin/logs -> 未登录或登录状态已失效
2026-09-11 20:30:14.174 [main] INFO  c.miqu.service.impl.AuthServiceImpl - 用户登录成功: userId=1, username=admin
2026-09-11 20:30:14.214 [main] INFO  o.s.t.c.s.AnnotationConfigContextLoaderUtils - Could not detect default configuration classes for test class [com.miqu.admin.AdminContentControllerTest]: AdminContentControllerTest does not declare any static, non-private, non-final, nested classes annotated with @Configuration.
2026-09-11 20:30:14.219 [main] INFO  o.s.b.t.c.SpringBootTestContextBootstrapper - Found @SpringBootConfiguration com.miqu.MiquApplication for test class com.miqu.admin.AdminContentControllerTest
2026-09-11 20:30:14.304 [main] INFO  c.miqu.service.impl.AuthServiceImpl - 用户登录成功: userId=1, username=admin
2026-09-11 20:30:14.317 [main] DEBUG c.m.exception.GlobalExceptionHandler - 业务异常 [DELETE] /api/admin/posts/999999 -> 动态不存在或已被删除
2026-09-11 20:30:14.395 [main] INFO  c.miqu.service.impl.AuthServiceImpl - 用户登录成功: userId=1, username=admin
2026-09-11 20:30:14.633 [main] INFO  c.miqu.service.impl.AuthServiceImpl - 用户登录成功: userId=1, username=admin
2026-09-11 20:30:14.749 [main] INFO  c.miqu.service.impl.AuthServiceImpl - 用户登录成功: userId=1, username=admin
2026-09-11 20:30:14.861 [main] INFO  c.miqu.service.impl.AuthServiceImpl - 用户登录成功: userId=1, username=admin
2026-09-11 20:30:14.962 [main] INFO  c.miqu.service.impl.AuthServiceImpl - 用户登录成功: userId=1, username=admin
2026-09-11 20:30:14.974 [main] DEBUG c.m.exception.GlobalExceptionHandler - 业务异常 [DELETE] /api/admin/comments/999999 -> 评论不存在或已被删除
2026-09-11 20:30:15.054 [main] INFO  c.miqu.service.impl.AuthServiceImpl - 用户登录成功: userId=1, username=admin
2026-09-11 20:30:15.204 [main] INFO  c.miqu.service.impl.AuthServiceImpl - 用户登录成功: userId=1, username=admin
2026-09-11 20:30:15.280 [main] INFO  c.miqu.service.impl.AuthServiceImpl - 用户登录成功: userId=1, username=admin
2026-09-11 20:30:15.332 [main] INFO  c.m.service.impl.CommentServiceImpl - 删除评论: commentId=1, postId=1, operatorId=1, 管理员=true
2026-09-11 20:30:15.340 [main] INFO  c.m.service.impl.AdminLogServiceImpl - 管理员操作: adminId=1, type=DELETE_COMMENT, target=(3, 1), ip=127.0.0.1
2026-09-11 20:30:15.444 [main] INFO  c.miqu.service.impl.AuthServiceImpl - 用户登录成功: userId=1, username=admin
2026-09-11 20:30:15.534 [main] INFO  c.miqu.service.impl.AuthServiceImpl - 用户登录成功: userId=1, username=admin
2026-09-11 20:30:15.628 [main] INFO  c.miqu.service.impl.AuthServiceImpl - 用户登录成功: userId=1, username=admin
2026-09-11 20:30:15.714 [main] INFO  c.miqu.service.impl.AuthServiceImpl - 用户登录成功: userId=1, username=admin
2026-09-11 20:30:15.744 [main] INFO  c.miqu.service.impl.PostServiceImpl - 删除动态: postId=1, operatorId=1, 作者=2, 管理员=true
2026-09-11 20:30:15.747 [main] INFO  c.m.service.impl.AdminLogServiceImpl - 管理员操作: adminId=1, type=DELETE_POST, target=(2, 1), ip=127.0.0.1
2026-09-11 20:30:15.753 [main] DEBUG c.m.exception.GlobalExceptionHandler - 业务异常 [GET] /api/posts/1 -> 动态不存在或已被删除
2026-09-11 20:30:15.774 [main] INFO  o.s.t.c.s.AnnotationConfigContextLoaderUtils - Could not detect default configuration classes for test class [com.miqu.admin.AdminReportControllerTest]: AdminReportControllerTest does not declare any static, non-private, non-final, nested classes annotated with @Configuration.
2026-09-11 20:30:15.779 [main] INFO  o.s.b.t.c.SpringBootTestContextBootstrapper - Found @SpringBootConfiguration com.miqu.MiquApplication for test class com.miqu.admin.AdminReportControllerTest
2026-09-11 20:30:15.855 [main] INFO  c.miqu.service.impl.AuthServiceImpl - 用户登录成功: userId=1, username=admin
2026-09-11 20:30:15.924 [main] INFO  c.miqu.service.impl.AuthServiceImpl - 用户登录成功: userId=2, username=test001
2026-09-11 20:30:15.952 [main] INFO  c.miqu.service.impl.PostServiceImpl - 删除动态: postId=1, operatorId=2, 作者=2, 管理员=false
2026-09-11 20:30:15.969 [main] INFO  c.miqu.service.impl.PostServiceImpl - 删除动态: postId=11, operatorId=1, 作者=19, 管理员=true
2026-09-11 20:30:15.973 [main] INFO  c.m.service.impl.AdminLogServiceImpl - 管理员操作: adminId=1, type=DELETE_POST, target=(2, 11), ip=127.0.0.1
2026-09-11 20:30:15.994 [main] INFO  c.m.service.impl.ReportServiceImpl - 举报的后置处置未执行（目标已不存在）: action=DELETE_POST, targetId=11, 原因=动态不存在或已被删除
2026-09-11 20:30:16.007 [main] INFO  c.m.service.impl.AdminLogServiceImpl - 管理员操作: adminId=1, type=HANDLE_REPORT, target=(4, 1), ip=127.0.0.1
2026-09-11 20:30:16.007 [main] INFO  c.m.service.impl.ReportServiceImpl - 处理举报: reportId=1, adminId=1, status=1, action=DELETE_POST
2026-09-11 20:30:16.084 [main] INFO  c.miqu.service.impl.AuthServiceImpl - 用户登录成功: userId=1, username=admin
2026-09-11 20:30:16.170 [main] INFO  c.miqu.service.impl.AuthServiceImpl - 用户登录成功: userId=1, username=admin
2026-09-11 20:30:16.206 [main] INFO  c.m.service.impl.CommentServiceImpl - 删除评论: commentId=20, postId=7, operatorId=1, 管理员=true
2026-09-11 20:30:16.210 [main] INFO  c.m.service.impl.AdminLogServiceImpl - 管理员操作: adminId=1, type=HANDLE_REPORT, target=(4, 3), ip=127.0.0.1
2026-09-11 20:30:16.210 [main] INFO  c.m.service.impl.ReportServiceImpl - 处理举报: reportId=3, adminId=1, status=1, action=DELETE_COMMENT
2026-09-11 20:30:16.280 [main] INFO  c.miqu.service.impl.AuthServiceImpl - 用户登录成功: userId=1, username=admin
2026-09-11 20:30:16.291 [main] INFO  c.m.service.impl.AdminLogServiceImpl - 管理员操作: adminId=1, type=HANDLE_REPORT, target=(4, 1), ip=127.0.0.1
2026-09-11 20:30:16.291 [main] INFO  c.m.service.impl.ReportServiceImpl - 处理举报: reportId=1, adminId=1, status=1, action=NONE
2026-09-11 20:30:16.297 [main] DEBUG c.m.exception.GlobalExceptionHandler - 业务异常 [PUT] /api/admin/reports/1/handle -> 该举报已被处理
2026-09-11 20:30:16.367 [main] INFO  c.miqu.service.impl.AuthServiceImpl - 用户登录成功: userId=1, username=admin
2026-09-11 20:30:16.373 [main] DEBUG c.m.exception.GlobalExceptionHandler - 业务异常 [PUT] /api/admin/reports/2/handle -> 该举报已被处理
2026-09-11 20:30:16.443 [main] INFO  c.miqu.service.impl.AuthServiceImpl - 用户登录成功: userId=1, username=admin
2026-09-11 20:30:16.541 [main] INFO  c.miqu.service.impl.AuthServiceImpl - 用户登录成功: userId=1, username=admin
2026-09-11 20:30:16.610 [main] INFO  c.miqu.service.impl.AuthServiceImpl - 用户登录成功: userId=2, username=test001
2026-09-11 20:30:16.623 [main] INFO  c.m.service.impl.ReportServiceImpl - 提交举报: reportId=13, reporterId=2, target=(1, 15)
2026-09-11 20:30:16.636 [main] INFO  c.miqu.service.impl.UserServiceImpl - 修改用户状态: targetUserId=15, status=0, operatorId=1
2026-09-11 20:30:16.639 [main] INFO  c.m.service.impl.AdminLogServiceImpl - 管理员操作: adminId=1, type=HANDLE_REPORT, target=(4, 13), ip=127.0.0.1
2026-09-11 20:30:16.639 [main] INFO  c.m.service.impl.ReportServiceImpl - 处理举报: reportId=13, adminId=1, status=1, action=DISABLE_USER
2026-09-11 20:30:16.701 [main] INFO  c.miqu.service.impl.AuthServiceImpl - 登录失败: userId=15, 原因=账号已禁用
2026-09-11 20:30:16.701 [main] DEBUG c.m.exception.GlobalExceptionHandler - 业务异常 [POST] /api/auth/login -> 账号已被禁用，请联系管理员
2026-09-11 20:30:16.770 [main] INFO  c.miqu.service.impl.AuthServiceImpl - 用户登录成功: userId=1, username=admin
2026-09-11 20:30:16.776 [main] DEBUG c.m.exception.GlobalExceptionHandler - 业务异常 [PUT] /api/admin/reports/1/handle -> 不支持的处置动作
2026-09-11 20:30:16.843 [main] INFO  c.miqu.service.impl.AuthServiceImpl - 用户登录成功: userId=1, username=admin
2026-09-11 20:30:16.849 [main] DEBUG c.m.exception.GlobalExceptionHandler - 业务异常 [PUT] /api/admin/reports/1/handle -> 驳回举报时不能同时执行处置动作
2026-09-11 20:30:16.918 [main] INFO  c.miqu.service.impl.AuthServiceImpl - 用户登录成功: userId=1, username=admin
2026-09-11 20:30:17.000 [main] INFO  c.miqu.service.impl.AuthServiceImpl - 用户登录成功: userId=1, username=admin
2026-09-11 20:30:17.006 [main] DEBUG c.m.exception.GlobalExceptionHandler - 业务异常 [PUT] /api/admin/reports/3/handle -> 处置动作与举报目标类型不匹配
2026-09-11 20:30:17.071 [main] INFO  c.miqu.service.impl.AuthServiceImpl - 用户登录成功: userId=1, username=admin
2026-09-11 20:30:17.077 [main] DEBUG c.m.exception.GlobalExceptionHandler - 业务异常 [PUT] /api/admin/reports/999999/handle -> 举报不存在
2026-09-11 20:30:17.141 [main] INFO  c.miqu.service.impl.AuthServiceImpl - 用户登录成功: userId=1, username=admin
2026-09-11 20:30:17.218 [main] INFO  c.miqu.service.impl.AuthServiceImpl - 用户登录成功: userId=1, username=admin
2026-09-11 20:30:17.231 [main] INFO  c.m.service.impl.AdminLogServiceImpl - 管理员操作: adminId=1, type=HANDLE_REPORT, target=(4, 1), ip=127.0.0.1
2026-09-11 20:30:17.233 [main] INFO  c.m.service.impl.ReportServiceImpl - 处理举报: reportId=1, adminId=1, status=2, action=NONE
2026-09-11 20:30:17.313 [main] INFO  c.miqu.service.impl.AuthServiceImpl - 用户登录成功: userId=1, username=admin
2026-09-11 20:30:17.406 [main] INFO  c.miqu.service.impl.AuthServiceImpl - 用户登录成功: userId=1, username=admin
2026-09-11 20:30:17.416 [main] INFO  c.m.service.impl.AdminLogServiceImpl - 管理员操作: adminId=1, type=HANDLE_REPORT, target=(4, 1), ip=127.0.0.1
2026-09-11 20:30:17.416 [main] INFO  c.m.service.impl.ReportServiceImpl - 处理举报: reportId=1, adminId=1, status=1, action=NONE
2026-09-11 20:30:17.498 [main] INFO  c.miqu.service.impl.AuthServiceImpl - 用户登录成功: userId=1, username=admin
2026-09-11 20:30:17.524 [main] INFO  c.miqu.service.impl.PostServiceImpl - 删除动态: postId=11, operatorId=1, 作者=19, 管理员=true
2026-09-11 20:30:17.528 [main] INFO  c.m.service.impl.AdminLogServiceImpl - 管理员操作: adminId=1, type=HANDLE_REPORT, target=(4, 1), ip=127.0.0.1
2026-09-11 20:30:17.528 [main] INFO  c.m.service.impl.ReportServiceImpl - 处理举报: reportId=1, adminId=1, status=1, action=DELETE_POST
2026-09-11 20:30:17.532 [main] DEBUG c.m.exception.GlobalExceptionHandler - 业务异常 [GET] /api/posts/11 -> 动态不存在或已被删除
2026-09-11 20:30:17.615 [main] INFO  c.miqu.service.impl.AuthServiceImpl - 用户登录成功: userId=1, username=admin
2026-09-11 20:30:17.693 [main] INFO  o.s.t.c.s.AnnotationConfigContextLoaderUtils - Could not detect default configuration classes for test class [com.miqu.admin.AdminStatsControllerTest]: AdminStatsControllerTest does not declare any static, non-private, non-final, nested classes annotated with @Configuration.
2026-09-11 20:30:17.695 [main] INFO  o.s.b.t.c.SpringBootTestContextBootstrapper - Found @SpringBootConfiguration com.miqu.MiquApplication for test class com.miqu.admin.AdminStatsControllerTest
2026-09-11 20:30:17.764 [main] INFO  c.miqu.service.impl.AuthServiceImpl - 用户登录成功: userId=1, username=admin
2026-09-11 20:30:17.790 [main] INFO  c.miqu.service.impl.PostServiceImpl - 删除动态: postId=3, operatorId=1, 作者=4, 管理员=true
2026-09-11 20:30:17.797 [main] INFO  c.m.service.impl.AdminLogServiceImpl - 管理员操作: adminId=1, type=DELETE_POST, target=(2, 3), ip=127.0.0.1
2026-09-11 20:30:17.879 [main] INFO  c.miqu.service.impl.AuthServiceImpl - 用户登录成功: userId=1, username=admin
2026-09-11 20:30:17.963 [main] INFO  c.miqu.service.impl.AuthServiceImpl - 用户登录成功: userId=1, username=admin
2026-09-11 20:30:18.040 [main] INFO  c.miqu.service.impl.AuthServiceImpl - 用户登录成功: userId=1, username=admin
2026-09-11 20:30:18.108 [main] INFO  c.miqu.service.impl.AuthServiceImpl - 用户登录成功: userId=1, username=admin
2026-09-11 20:30:18.252 [main] INFO  c.miqu.service.impl.AuthServiceImpl - 用户注册成功: userId=25, username=statstest
2026-09-11 20:30:18.337 [main] INFO  c.miqu.service.impl.AuthServiceImpl - 用户登录成功: userId=1, username=admin
2026-09-11 20:30:18.416 [main] INFO  c.miqu.service.impl.AuthServiceImpl - 用户登录成功: userId=3, username=test002
2026-09-11 20:30:18.435 [main] DEBUG c.m.s.impl.NotificationServiceImpl - 生成通知: type=3, receiverId=2, actorId=3, postId=1
2026-09-11 20:30:18.435 [main] INFO  c.m.service.impl.CommentServiceImpl - 发表评论: commentId=138, postId=1, userId=3
2026-09-11 20:30:18.515 [main] INFO  c.miqu.service.impl.AuthServiceImpl - 用户登录成功: userId=1, username=admin
2026-09-11 20:30:18.523 [main] INFO  c.m.service.impl.AdminLogServiceImpl - 管理员操作: adminId=1, type=HANDLE_REPORT, target=(4, 1), ip=127.0.0.1
2026-09-11 20:30:18.524 [main] INFO  c.m.service.impl.ReportServiceImpl - 处理举报: reportId=1, adminId=1, status=1, action=NONE
2026-09-11 20:30:18.603 [main] INFO  c.miqu.service.impl.AuthServiceImpl - 用户登录成功: userId=1, username=admin
2026-09-11 20:30:18.684 [main] INFO  c.miqu.service.impl.AuthServiceImpl - 用户登录成功: userId=1, username=admin
2026-09-11 20:30:18.699 [main] INFO  o.s.t.c.s.AnnotationConfigContextLoaderUtils - Could not detect default configuration classes for test class [com.miqu.admin.AdminUserControllerTest]: AdminUserControllerTest does not declare any static, non-private, non-final, nested classes annotated with @Configuration.
2026-09-11 20:30:18.701 [main] INFO  o.s.b.t.c.SpringBootTestContextBootstrapper - Found @SpringBootConfiguration com.miqu.MiquApplication for test class com.miqu.admin.AdminUserControllerTest
2026-09-11 20:30:18.774 [main] INFO  c.miqu.service.impl.AuthServiceImpl - 用户登录成功: userId=1, username=admin
2026-09-11 20:30:18.855 [main] INFO  c.miqu.service.impl.AuthServiceImpl - 用户登录成功: userId=1, username=admin
2026-09-11 20:30:18.936 [main] INFO  c.miqu.service.impl.AuthServiceImpl - 用户登录成功: userId=1, username=admin
2026-09-11 20:30:19.014 [main] INFO  c.miqu.service.impl.AuthServiceImpl - 用户登录成功: userId=1, username=admin
2026-09-11 20:30:19.018 [main] DEBUG c.m.exception.GlobalExceptionHandler - 业务异常 [GET] /api/admin/users/999999 -> 用户不存在
2026-09-11 20:30:19.083 [main] INFO  c.miqu.service.impl.AuthServiceImpl - 用户登录成功: userId=1, username=admin
2026-09-11 20:30:19.160 [main] INFO  c.miqu.service.impl.AuthServiceImpl - 用户登录成功: userId=1, username=admin
2026-09-11 20:30:19.223 [main] INFO  c.miqu.service.impl.AuthServiceImpl - 用户登录成功: userId=1, username=admin
2026-09-11 20:30:19.324 [main] INFO  c.miqu.service.impl.AuthServiceImpl - 用户登录成功: userId=1, username=admin
2026-09-11 20:30:19.344 [main] INFO  c.miqu.service.impl.UserServiceImpl - 修改用户状态: targetUserId=4, status=0, operatorId=1
2026-09-11 20:30:19.358 [main] INFO  c.m.service.impl.AdminLogServiceImpl - 管理员操作: adminId=1, type=DISABLE_USER, target=(1, 4), ip=127.0.0.1
2026-09-11 20:30:19.447 [main] INFO  c.miqu.service.impl.AuthServiceImpl - 用户登录成功: userId=4, username=test003
2026-09-11 20:30:19.516 [main] INFO  c.miqu.service.impl.AuthServiceImpl - 用户登录成功: userId=1, username=admin
2026-09-11 20:30:19.522 [main] INFO  c.miqu.service.impl.UserServiceImpl - 修改用户状态: targetUserId=4, status=0, operatorId=1
2026-09-11 20:30:19.524 [main] INFO  c.m.service.impl.AdminLogServiceImpl - 管理员操作: adminId=1, type=DISABLE_USER, target=(1, 4), ip=127.0.0.1
2026-09-11 20:30:19.526 [main] DEBUG c.m.exception.GlobalExceptionHandler - 业务异常 [GET] /api/users/me -> 账号已被禁用，请联系管理员
2026-09-11 20:30:19.594 [main] INFO  c.miqu.service.impl.AuthServiceImpl - 登录失败: userId=4, 原因=账号已禁用
2026-09-11 20:30:19.594 [main] DEBUG c.m.exception.GlobalExceptionHandler - 业务异常 [POST] /api/auth/login -> 账号已被禁用，请联系管理员
2026-09-11 20:30:19.664 [main] INFO  c.miqu.service.impl.AuthServiceImpl - 用户登录成功: userId=1, username=admin
2026-09-11 20:30:19.667 [main] DEBUG c.m.exception.GlobalExceptionHandler - 业务异常 [PUT] /api/admin/users/1/status -> 不能对自己执行该操作
2026-09-11 20:30:19.730 [main] INFO  c.miqu.service.impl.AuthServiceImpl - 用户登录成功: userId=1, username=admin
2026-09-11 20:30:19.823 [main] INFO  c.miqu.service.impl.AuthServiceImpl - 用户登录成功: userId=1, username=admin
2026-09-11 20:30:19.828 [main] INFO  c.miqu.service.impl.UserServiceImpl - 修改用户状态: targetUserId=12, status=1, operatorId=1
2026-09-11 20:30:19.832 [main] INFO  c.m.service.impl.AdminLogServiceImpl - 管理员操作: adminId=1, type=ENABLE_USER, target=(1, 12), ip=127.0.0.1
2026-09-11 20:30:19.897 [main] INFO  c.miqu.service.impl.AuthServiceImpl - 用户登录成功: userId=12, username=banned001
2026-09-11 20:30:19.970 [main] INFO  c.miqu.service.impl.AuthServiceImpl - 用户登录成功: userId=1, username=admin
2026-09-11 20:30:19.979 [main] DEBUG c.m.exception.GlobalExceptionHandler - 业务异常 [PUT] /api/admin/users/999999/status -> 用户不存在
2026-09-11 20:30:20.049 [main] INFO  c.miqu.service.impl.AuthServiceImpl - 用户登录成功: userId=1, username=admin
2026-09-11 20:30:20.077 [main] INFO  o.s.t.c.s.AnnotationConfigContextLoaderUtils - Could not detect default configuration classes for test class [com.miqu.auth.AuthControllerTest]: AuthControllerTest does not declare any static, non-private, non-final, nested classes annotated with @Configuration.
2026-09-11 20:30:20.113 [main] INFO  o.s.b.t.c.SpringBootTestContextBootstrapper - Found @SpringBootConfiguration com.miqu.MiquApplication for test class com.miqu.auth.AuthControllerTest
2026-09-11 20:30:20.141 [main] INFO  c.miqu.service.impl.AuthServiceImpl - 登录失败: username=deleted001, 原因=凭证不匹配
2026-09-11 20:30:20.143 [main] DEBUG c.m.exception.GlobalExceptionHandler - 业务异常 [POST] /api/auth/login -> 用户名或密码错误
2026-09-11 20:30:20.220 [main] INFO  c.miqu.service.impl.AuthServiceImpl - 登录失败: userId=12, 原因=账号已禁用
2026-09-11 20:30:20.220 [main] DEBUG c.m.exception.GlobalExceptionHandler - 业务异常 [POST] /api/auth/login -> 账号已被禁用，请联系管理员
2026-09-11 20:30:20.229 [main] INFO  c.miqu.service.impl.AuthServiceImpl - 登录失败: username=nosuchuser, 原因=凭证不匹配
2026-09-11 20:30:20.229 [main] DEBUG c.m.exception.GlobalExceptionHandler - 业务异常 [POST] /api/auth/login -> 用户名或密码错误
2026-09-11 20:30:20.297 [main] INFO  c.miqu.service.impl.AuthServiceImpl - 用户登录成功: userId=2, username=test001
2026-09-11 20:30:20.306 [main] DEBUG c.m.exception.GlobalExceptionHandler - 业务异常 [POST] /api/auth/logout -> 未登录或登录状态已失效
2026-09-11 20:30:20.381 [main] INFO  c.miqu.service.impl.AuthServiceImpl - 用户注册成功: userId=26, username=newuser001
2026-09-11 20:30:20.401 [main] DEBUG c.m.exception.GlobalExceptionHandler - 业务异常 [POST] /api/auth/register -> 邮箱已被注册
2026-09-11 20:30:20.461 [main] INFO  c.miqu.service.impl.AuthServiceImpl - 用户注册成功: userId=27, username=newuser002
2026-09-11 20:30:20.528 [main] INFO  c.miqu.service.impl.AuthServiceImpl - 登录失败: username=test001, 原因=凭证不匹配
2026-09-11 20:30:20.528 [main] DEBUG c.m.exception.GlobalExceptionHandler - 业务异常 [POST] /api/auth/login -> 用户名或密码错误
2026-09-11 20:30:20.537 [main] DEBUG c.m.exception.GlobalExceptionHandler - 业务异常 [POST] /api/auth/register -> 邮箱已被注册
2026-09-11 20:30:20.610 [main] INFO  c.miqu.service.impl.AuthServiceImpl - 用户登录成功: userId=2, username=test001
2026-09-11 20:30:20.614 [main] INFO  com.miqu.controller.AuthController - 用户退出登录: userId=2
2026-09-11 20:30:20.640 [main] DEBUG c.m.exception.GlobalExceptionHandler - 业务异常 [POST] /api/auth/register -> 用户名已被占用
2026-09-11 20:30:20.646 [main] INFO  o.s.t.c.s.AnnotationConfigContextLoaderUtils - Could not detect default configuration classes for test class [com.miqu.comment.CommentControllerTest]: CommentControllerTest does not declare any static, non-private, non-final, nested classes annotated with @Configuration.
2026-09-11 20:30:20.677 [main] INFO  o.s.b.t.c.SpringBootTestContextBootstrapper - Found @SpringBootConfiguration com.miqu.MiquApplication for test class com.miqu.comment.CommentControllerTest
2026-09-11 20:30:20.746 [main] INFO  c.miqu.service.impl.AuthServiceImpl - 用户登录成功: userId=3, username=test002
2026-09-11 20:30:20.754 [main] DEBUG c.m.s.impl.NotificationServiceImpl - 生成通知: type=3, receiverId=2, actorId=3, postId=1
2026-09-11 20:30:20.754 [main] INFO  c.m.service.impl.CommentServiceImpl - 发表评论: commentId=139, postId=1, userId=3
2026-09-11 20:30:20.768 [main] DEBUG c.m.exception.GlobalExceptionHandler - 业务异常 [DELETE] /api/comments/1 -> 未登录或登录状态已失效
2026-09-11 20:30:20.870 [main] INFO  c.miqu.service.impl.AuthServiceImpl - 用户登录成功: userId=3, username=test002
2026-09-11 20:30:20.949 [main] INFO  c.miqu.service.impl.AuthServiceImpl - 用户登录成功: userId=1, username=admin
2026-09-11 20:30:20.958 [main] INFO  c.m.service.impl.CommentServiceImpl - 删除评论: commentId=1, postId=1, operatorId=1, 管理员=true
2026-09-11 20:30:21.032 [main] INFO  c.miqu.service.impl.AuthServiceImpl - 用户登录成功: userId=3, username=test002
2026-09-11 20:30:21.042 [main] INFO  c.m.service.impl.CommentServiceImpl - 删除评论: commentId=1, postId=1, operatorId=3, 管理员=false
2026-09-11 20:30:21.045 [main] DEBUG c.m.exception.GlobalExceptionHandler - 业务异常 [DELETE] /api/comments/1 -> 评论不存在或已被删除
2026-09-11 20:30:21.115 [main] INFO  c.miqu.service.impl.AuthServiceImpl - 用户登录成功: userId=2, username=test001
2026-09-11 20:30:21.119 [main] DEBUG c.m.exception.GlobalExceptionHandler - 业务异常 [DELETE] /api/comments/1 -> 无权限执行该操作
2026-09-11 20:30:21.189 [main] INFO  c.miqu.service.impl.AuthServiceImpl - 用户登录成功: userId=3, username=test002
2026-09-11 20:30:21.194 [main] DEBUG c.m.exception.GlobalExceptionHandler - 业务异常 [POST] /api/posts/999999/comments -> 动态不存在或已被删除
2026-09-11 20:30:21.276 [main] INFO  c.miqu.service.impl.AuthServiceImpl - 用户登录成功: userId=3, username=test002
2026-09-11 20:30:21.287 [main] INFO  c.m.service.impl.CommentServiceImpl - 删除评论: commentId=1, postId=1, operatorId=3, 管理员=false
2026-09-11 20:30:21.314 [main] DEBUG c.m.exception.GlobalExceptionHandler - 业务异常 [GET] /api/posts/999999/comments -> 动态不存在或已被删除
2026-09-11 20:30:21.382 [main] INFO  c.miqu.service.impl.AuthServiceImpl - 用户登录成功: userId=3, username=test002
2026-09-11 20:30:21.399 [main] DEBUG c.m.exception.GlobalExceptionHandler - 业务异常 [POST] /api/posts/1/comments -> 未登录或登录状态已失效
2026-09-11 20:30:21.463 [main] INFO  c.miqu.service.impl.AuthServiceImpl - 用户登录成功: userId=3, username=test002
2026-09-11 20:30:21.466 [main] DEBUG c.m.exception.GlobalExceptionHandler - 业务异常 [DELETE] /api/comments/999999 -> 评论不存在或已被删除
2026-09-11 20:30:21.535 [main] INFO  c.miqu.service.impl.AuthServiceImpl - 用户登录成功: userId=2, username=test001
2026-09-11 20:30:21.548 [main] INFO  c.m.service.impl.CommentServiceImpl - 发表评论: commentId=140, postId=1, userId=2
2026-09-11 20:30:21.604 [main] INFO  c.miqu.service.impl.AuthServiceImpl - 用户登录成功: userId=3, username=test002
2026-09-11 20:30:21.616 [main] DEBUG c.m.s.impl.NotificationServiceImpl - 生成通知: type=3, receiverId=2, actorId=3, postId=1
2026-09-11 20:30:21.616 [main] INFO  c.m.service.impl.CommentServiceImpl - 发表评论: commentId=141, postId=1, userId=3
2026-09-11 20:30:21.708 [main] INFO  c.miqu.service.impl.AuthServiceImpl - 用户登录成功: userId=3, username=test002
2026-09-11 20:30:21.717 [main] DEBUG c.m.s.impl.NotificationServiceImpl - 生成通知: type=3, receiverId=2, actorId=3, postId=1
2026-09-11 20:30:21.718 [main] INFO  c.m.service.impl.CommentServiceImpl - 发表评论: commentId=142, postId=1, userId=3
2026-09-11 20:30:21.794 [main] INFO  c.miqu.service.impl.AuthServiceImpl - 用户登录成功: userId=3, username=test002
2026-09-11 20:30:21.804 [main] INFO  o.s.t.c.s.AnnotationConfigContextLoaderUtils - Could not detect default configuration classes for test class [com.miqu.common.EntitySchemaConsistencyTest]: EntitySchemaConsistencyTest does not declare any static, non-private, non-final, nested classes annotated with @Configuration.
2026-09-11 20:30:21.834 [main] INFO  o.s.b.t.c.SpringBootTestContextBootstrapper - Found @SpringBootConfiguration com.miqu.MiquApplication for test class com.miqu.common.EntitySchemaConsistencyTest
2026-09-11 20:30:21.882 [main] INFO  c.m.c.EntitySchemaConsistencyTest - Starting EntitySchemaConsistencyTest using Java 21.0.11 with PID 20972 (started by 张志鹏 in D:\Projects\Miqu\backend)
2026-09-11 20:30:21.884 [main] DEBUG c.m.c.EntitySchemaConsistencyTest - Running with Spring Boot v3.4.7, Spring v6.2.8
2026-09-11 20:30:21.884 [main] INFO  c.m.c.EntitySchemaConsistencyTest - No active profile set, falling back to 1 default profile: "default"
2026-09-11 20:30:22.797 [main] WARN  o.s.w.s.r.ResourceHandlerUtils - Appended trailing slash to static resource location: file:///D:/Projects/Miqu/backend/uploads/
2026-09-11 20:30:22.856 [main] INFO  c.m.c.EntitySchemaConsistencyTest - Started EntitySchemaConsistencyTest in 1.019 seconds (process running for 14.677)
2026-09-11 20:30:22.860 [main] INFO  com.zaxxer.hikari.HikariDataSource - MiquHikariPool - Starting...
2026-09-11 20:30:22.867 [main] INFO  com.zaxxer.hikari.pool.HikariPool - MiquHikariPool - Added connection com.mysql.cj.jdbc.ConnectionImpl@41dbf02b
2026-09-11 20:30:22.867 [main] INFO  com.zaxxer.hikari.HikariDataSource - MiquHikariPool - Start completed.
2026-09-11 20:30:23.061 [main] INFO  o.s.t.c.s.AnnotationConfigContextLoaderUtils - Could not detect default configuration classes for test class [com.miqu.common.ResponseSerializationTest]: ResponseSerializationTest does not declare any static, non-private, non-final, nested classes annotated with @Configuration.
2026-09-11 20:30:23.064 [main] INFO  o.s.b.t.c.SpringBootTestContextBootstrapper - Found @SpringBootConfiguration com.miqu.MiquApplication for test class com.miqu.common.ResponseSerializationTest
2026-09-11 20:30:23.182 [main] INFO  c.miqu.service.impl.AuthServiceImpl - 用户登录成功: userId=2, username=test001
2026-09-11 20:30:23.267 [main] INFO  c.miqu.service.impl.AuthServiceImpl - 用户登录成功: userId=2, username=test001
2026-09-11 20:30:23.279 [main] DEBUG c.m.s.impl.NotificationServiceImpl - 生成通知: type=1, receiverId=9, actorId=2, postId=null
2026-09-11 20:30:23.279 [main] INFO  c.m.service.impl.FollowServiceImpl - 关注成功: followerId=2, followingId=9
2026-09-11 20:30:23.294 [main] INFO  c.miqu.service.impl.PostServiceImpl - 发布动态: postId=57, userId=2, imageCount=0
2026-09-11 20:30:23.304 [main] INFO  c.miqu.service.impl.PostServiceImpl - 点赞: postId=57, userId=2
2026-09-11 20:30:23.569 [main] INFO  o.s.t.c.s.AnnotationConfigContextLoaderUtils - Could not detect default configuration classes for test class [com.miqu.follow.FollowControllerTest]: FollowControllerTest does not declare any static, non-private, non-final, nested classes annotated with @Configuration.
2026-09-11 20:30:23.593 [main] INFO  o.s.b.t.c.SpringBootTestContextBootstrapper - Found @SpringBootConfiguration com.miqu.MiquApplication for test class com.miqu.follow.FollowControllerTest
2026-09-11 20:30:23.659 [main] INFO  c.miqu.service.impl.AuthServiceImpl - 用户登录成功: userId=2, username=test001
2026-09-11 20:30:23.746 [main] INFO  c.miqu.service.impl.AuthServiceImpl - 用户登录成功: userId=2, username=test001
2026-09-11 20:30:23.773 [main] DEBUG c.m.exception.GlobalExceptionHandler - 业务异常 [POST] /api/users/9/follow -> 未登录或登录状态已失效
2026-09-11 20:30:23.780 [main] DEBUG c.m.exception.GlobalExceptionHandler - 业务异常 [DELETE] /api/users/4/follow -> 未登录或登录状态已失效
2026-09-11 20:30:23.852 [main] INFO  c.miqu.service.impl.AuthServiceImpl - 用户登录成功: userId=2, username=test001
2026-09-11 20:30:23.957 [main] INFO  c.miqu.service.impl.AuthServiceImpl - 用户登录成功: userId=2, username=test001
2026-09-11 20:30:23.964 [main] DEBUG c.m.s.impl.NotificationServiceImpl - 生成通知: type=1, receiverId=9, actorId=2, postId=null
2026-09-11 20:30:23.964 [main] INFO  c.m.service.impl.FollowServiceImpl - 关注成功: followerId=2, followingId=9
2026-09-11 20:30:24.030 [main] INFO  c.miqu.service.impl.AuthServiceImpl - 用户登录成功: userId=2, username=test001
2026-09-11 20:30:24.035 [main] DEBUG c.m.exception.GlobalExceptionHandler - 业务异常 [POST] /api/users/13/follow -> 用户不存在
2026-09-11 20:30:24.104 [main] INFO  c.miqu.service.impl.AuthServiceImpl - 用户登录成功: userId=2, username=test001
2026-09-11 20:30:24.144 [main] DEBUG c.m.exception.GlobalExceptionHandler - 业务异常 [GET] /api/users/999999/following -> 用户不存在
2026-09-11 20:30:24.150 [main] DEBUG c.m.exception.GlobalExceptionHandler - 业务异常 [GET] /api/users/me -> 未登录或登录状态已失效
2026-09-11 20:30:24.218 [main] INFO  c.miqu.service.impl.AuthServiceImpl - 用户登录成功: userId=2, username=test001
2026-09-11 20:30:24.228 [main] INFO  c.m.service.impl.FollowServiceImpl - 取消关注: followerId=2, followingId=4
2026-09-11 20:30:24.235 [main] DEBUG c.m.s.impl.NotificationServiceImpl - 生成通知: type=1, receiverId=4, actorId=2, postId=null
2026-09-11 20:30:24.235 [main] INFO  c.m.service.impl.FollowServiceImpl - 关注成功: followerId=2, followingId=4
2026-09-11 20:30:24.309 [main] INFO  c.miqu.service.impl.AuthServiceImpl - 用户登录成功: userId=2, username=test001
2026-09-11 20:30:24.318 [main] INFO  c.m.service.impl.FollowServiceImpl - 取消关注: followerId=2, followingId=4
2026-09-11 20:30:24.383 [main] INFO  c.miqu.service.impl.AuthServiceImpl - 用户登录成功: userId=2, username=test001
2026-09-11 20:30:24.385 [main] DEBUG c.m.exception.GlobalExceptionHandler - 业务异常 [POST] /api/users/12/follow -> 账号已被禁用，请联系管理员
2026-09-11 20:30:24.402 [main] DEBUG c.m.exception.GlobalExceptionHandler - 业务异常 [GET] /api/users/13 -> 用户不存在
2026-09-11 20:30:24.479 [main] INFO  c.miqu.service.impl.AuthServiceImpl - 用户登录成功: userId=2, username=test001
2026-09-11 20:30:24.484 [main] DEBUG c.m.exception.GlobalExceptionHandler - 业务异常 [POST] /api/users/3/follow -> 已经关注过该用户
2026-09-11 20:30:24.550 [main] INFO  c.miqu.service.impl.AuthServiceImpl - 用户登录成功: userId=2, username=test001
2026-09-11 20:30:24.563 [main] DEBUG c.m.s.impl.NotificationServiceImpl - 生成通知: type=1, receiverId=9, actorId=2, postId=null
2026-09-11 20:30:24.563 [main] INFO  c.m.service.impl.FollowServiceImpl - 关注成功: followerId=2, followingId=9
2026-09-11 20:30:24.645 [main] INFO  c.miqu.service.impl.AuthServiceImpl - 用户登录成功: userId=2, username=test001
2026-09-11 20:30:24.711 [main] INFO  c.miqu.service.impl.AuthServiceImpl - 用户登录成功: userId=2, username=test001
2026-09-11 20:30:24.716 [main] DEBUG c.m.exception.GlobalExceptionHandler - 业务异常 [DELETE] /api/users/9/follow -> 尚未关注该用户
2026-09-11 20:30:24.783 [main] INFO  c.miqu.service.impl.AuthServiceImpl - 用户登录成功: userId=2, username=test001
2026-09-11 20:30:24.787 [main] DEBUG c.m.exception.GlobalExceptionHandler - 业务异常 [POST] /api/users/999999/follow -> 用户不存在
2026-09-11 20:30:24.853 [main] INFO  c.miqu.service.impl.AuthServiceImpl - 用户登录成功: userId=2, username=test001
2026-09-11 20:30:24.945 [main] INFO  c.miqu.service.impl.AuthServiceImpl - 用户登录成功: userId=2, username=test001
2026-09-11 20:30:24.950 [main] DEBUG c.m.exception.GlobalExceptionHandler - 业务异常 [POST] /api/users/2/follow -> 不能关注自己
2026-09-11 20:30:25.026 [main] INFO  c.miqu.service.impl.AuthServiceImpl - 用户登录成功: userId=2, username=test001
2026-09-11 20:30:25.038 [main] DEBUG c.m.s.impl.NotificationServiceImpl - 生成通知: type=1, receiverId=9, actorId=2, postId=null
2026-09-11 20:30:25.038 [main] INFO  c.m.service.impl.FollowServiceImpl - 关注成功: followerId=2, followingId=9
2026-09-11 20:30:25.049 [main] INFO  o.s.t.c.s.AnnotationConfigContextLoaderUtils - Could not detect default configuration classes for test class [com.miqu.message.ConversationControllerTest]: ConversationControllerTest does not declare any static, non-private, non-final, nested classes annotated with @Configuration.
2026-09-11 20:30:25.077 [main] INFO  o.s.b.t.c.SpringBootTestContextBootstrapper - Found @SpringBootConfiguration com.miqu.MiquApplication for test class com.miqu.message.ConversationControllerTest
2026-09-11 20:30:25.144 [main] INFO  c.miqu.service.impl.AuthServiceImpl - 用户登录成功: userId=2, username=test001
2026-09-11 20:30:25.241 [main] INFO  c.miqu.service.impl.AuthServiceImpl - 用户登录成功: userId=2, username=test001
2026-09-11 20:30:25.251 [main] DEBUG c.m.exception.GlobalExceptionHandler - 业务异常 [GET] /api/conversations/4/messages -> 你不是该会话的参与者
2026-09-11 20:30:25.319 [main] INFO  c.miqu.service.impl.AuthServiceImpl - 用户登录成功: userId=4, username=test003
2026-09-11 20:30:25.396 [main] INFO  c.miqu.service.impl.AuthServiceImpl - 用户登录成功: userId=4, username=test003
2026-09-11 20:30:25.405 [main] DEBUG c.m.s.impl.ConversationServiceImpl - 会话标记已读: conversationId=4, userId=4
2026-09-11 20:30:25.468 [main] INFO  c.miqu.service.impl.AuthServiceImpl - 用户登录成功: userId=6, username=test005
2026-09-11 20:30:25.550 [main] INFO  c.miqu.service.impl.AuthServiceImpl - 用户登录成功: userId=2, username=test001
2026-09-11 20:30:25.657 [main] INFO  c.miqu.service.impl.AuthServiceImpl - 用户登录成功: userId=2, username=test001
2026-09-11 20:30:25.661 [main] DEBUG c.m.exception.GlobalExceptionHandler - 业务异常 [PUT] /api/conversations/4/read -> 你不是该会话的参与者
2026-09-11 20:30:25.734 [main] INFO  c.miqu.service.impl.AuthServiceImpl - 用户登录成功: userId=2, username=test001
2026-09-11 20:30:25.811 [main] INFO  c.miqu.service.impl.AuthServiceImpl - 用户登录成功: userId=6, username=test005
2026-09-11 20:30:25.876 [main] INFO  c.miqu.service.impl.AuthServiceImpl - 用户登录成功: userId=20, username=test017
2026-09-11 20:30:25.951 [main] INFO  c.miqu.service.impl.AuthServiceImpl - 用户登录成功: userId=2, username=test001
2026-09-11 20:30:26.022 [main] INFO  c.miqu.service.impl.AuthServiceImpl - 用户登录成功: userId=2, username=test001
2026-09-11 20:30:26.026 [main] DEBUG c.m.exception.GlobalExceptionHandler - 业务异常 [GET] /api/conversations/999999/messages -> 会话不存在
2026-09-11 20:30:26.090 [main] INFO  c.miqu.service.impl.AuthServiceImpl - 用户登录成功: userId=2, username=test001
2026-09-11 20:30:26.160 [main] INFO  c.miqu.service.impl.AuthServiceImpl - 用户登录成功: userId=2, username=test001
2026-09-11 20:30:26.164 [main] DEBUG c.m.exception.GlobalExceptionHandler - 业务异常 [PUT] /api/conversations/999999/read -> 会话不存在
2026-09-11 20:30:26.167 [main] DEBUG c.m.exception.GlobalExceptionHandler - 业务异常 [PUT] /api/conversations/1/read -> 未登录或登录状态已失效
2026-09-11 20:30:26.231 [main] INFO  c.miqu.service.impl.AuthServiceImpl - 用户登录成功: userId=2, username=test001
2026-09-11 20:30:26.241 [main] DEBUG c.m.exception.GlobalExceptionHandler - 业务异常 [GET] /api/conversations -> 未登录或登录状态已失效
2026-09-11 20:30:26.245 [main] DEBUG c.m.exception.GlobalExceptionHandler - 业务异常 [GET] /api/conversations/1/messages -> 未登录或登录状态已失效
2026-09-11 20:30:26.314 [main] INFO  c.miqu.service.impl.AuthServiceImpl - 用户登录成功: userId=2, username=test001
2026-09-11 20:30:26.397 [main] INFO  c.miqu.service.impl.AuthServiceImpl - 用户登录成功: userId=2, username=test001
2026-09-11 20:30:26.400 [main] DEBUG c.m.exception.GlobalExceptionHandler - 业务异常 [POST] /api/conversations -> 用户不存在
2026-09-11 20:30:26.466 [main] INFO  c.miqu.service.impl.AuthServiceImpl - 用户登录成功: userId=2, username=test001
2026-09-11 20:30:26.535 [main] INFO  c.miqu.service.impl.AuthServiceImpl - 用户登录成功: userId=2, username=test001
2026-09-11 20:30:26.538 [main] DEBUG c.m.exception.GlobalExceptionHandler - 业务异常 [POST] /api/conversations -> 不能给自己发送私信
2026-09-11 20:30:26.603 [main] INFO  c.miqu.service.impl.AuthServiceImpl - 用户登录成功: userId=2, username=test001
2026-09-11 20:30:26.607 [main] DEBUG c.m.exception.GlobalExceptionHandler - 业务异常 [POST] /api/conversations -> 账号已被禁用，请联系管理员
2026-09-11 20:30:26.673 [main] INFO  c.miqu.service.impl.AuthServiceImpl - 用户登录成功: userId=2, username=test001
2026-09-11 20:30:26.684 [main] DEBUG c.m.s.impl.ConversationServiceImpl - 会话标记已读: conversationId=1, userId=2
2026-09-11 20:30:26.760 [main] INFO  c.miqu.service.impl.AuthServiceImpl - 用户登录成功: userId=2, username=test001
2026-09-11 20:30:26.770 [main] INFO  o.s.t.c.s.AnnotationConfigContextLoaderUtils - Could not detect default configuration classes for test class [com.miqu.message.MessageControllerTest]: MessageControllerTest does not declare any static, non-private, non-final, nested classes annotated with @Configuration.
2026-09-11 20:30:26.771 [main] INFO  o.s.b.t.c.SpringBootTestContextBootstrapper - Found @SpringBootConfiguration com.miqu.MiquApplication for test class com.miqu.message.MessageControllerTest
2026-09-11 20:30:26.835 [main] INFO  c.miqu.service.impl.AuthServiceImpl - 用户登录成功: userId=2, username=test001
2026-09-11 20:30:26.863 [main] INFO  c.m.service.impl.MessageServiceImpl - 发送私信: messageId=81, conversationId=1, senderId=2, receiverId=3
2026-09-11 20:30:26.950 [main] INFO  c.miqu.service.impl.AuthServiceImpl - 用户登录成功: userId=2, username=test001
2026-09-11 20:30:26.981 [main] INFO  c.m.service.impl.MessageServiceImpl - 发送私信: messageId=82, conversationId=1, senderId=2, receiverId=3
2026-09-11 20:30:27.062 [main] INFO  c.miqu.service.impl.AuthServiceImpl - 用户登录成功: userId=2, username=test001
2026-09-11 20:30:27.119 [main] INFO  c.miqu.service.impl.AuthServiceImpl - 用户登录成功: userId=2, username=test001
2026-09-11 20:30:27.133 [main] INFO  c.m.service.impl.MessageServiceImpl - 发送私信: messageId=83, conversationId=15, senderId=2, receiverId=9
2026-09-11 20:30:27.209 [main] INFO  c.miqu.service.impl.AuthServiceImpl - 用户登录成功: userId=2, username=test001
2026-09-11 20:30:27.266 [main] INFO  c.miqu.service.impl.AuthServiceImpl - 用户登录成功: userId=2, username=test001
2026-09-11 20:30:27.341 [main] INFO  c.miqu.service.impl.AuthServiceImpl - 用户登录成功: userId=3, username=test002
2026-09-11 20:30:27.411 [main] INFO  c.miqu.service.impl.AuthServiceImpl - 用户登录成功: userId=2, username=test001
2026-09-11 20:30:27.423 [main] INFO  c.m.service.impl.MessageServiceImpl - 发送私信: messageId=84, conversationId=1, senderId=3, receiverId=2
2026-09-11 20:30:27.436 [main] DEBUG c.m.exception.GlobalExceptionHandler - 业务异常 [GET] /api/messages/unread-count -> 未登录或登录状态已失效
2026-09-11 20:30:27.499 [main] INFO  c.miqu.service.impl.AuthServiceImpl - 用户登录成功: userId=2, username=test001
2026-09-11 20:30:27.511 [main] INFO  c.m.service.impl.MessageServiceImpl - 发送私信: messageId=85, conversationId=2, senderId=2, receiverId=4
2026-09-11 20:30:27.586 [main] INFO  c.miqu.service.impl.AuthServiceImpl - 用户登录成功: userId=2, username=test001
2026-09-11 20:30:27.591 [main] DEBUG c.m.exception.GlobalExceptionHandler - 业务异常 [POST] /api/messages -> 不能给自己发送私信
2026-09-11 20:30:27.672 [main] INFO  c.miqu.service.impl.AuthServiceImpl - 用户登录成功: userId=2, username=test001
2026-09-11 20:30:27.678 [main] DEBUG c.m.exception.GlobalExceptionHandler - 业务异常 [POST] /api/messages -> 账号已被禁用，请联系管理员
2026-09-11 20:30:27.745 [main] INFO  c.miqu.service.impl.AuthServiceImpl - 用户登录成功: userId=2, username=test001
2026-09-11 20:30:27.748 [main] DEBUG c.m.exception.GlobalExceptionHandler - 业务异常 [POST] /api/messages -> 用户不存在
2026-09-11 20:30:27.818 [main] INFO  c.miqu.service.impl.AuthServiceImpl - 用户登录成功: userId=2, username=test001
2026-09-11 20:30:27.831 [main] INFO  c.m.service.impl.MessageServiceImpl - 发送私信: messageId=86, conversationId=16, senderId=2, receiverId=9
2026-09-11 20:30:27.904 [main] INFO  c.miqu.service.impl.AuthServiceImpl - 用户登录成功: userId=2, username=test001
2026-09-11 20:30:27.924 [main] INFO  c.m.service.impl.MessageServiceImpl - 发送私信: messageId=87, conversationId=17, senderId=2, receiverId=9
2026-09-11 20:30:27.994 [main] INFO  c.miqu.service.impl.AuthServiceImpl - 用户登录成功: userId=21, username=test018
2026-09-11 20:30:28.009 [main] DEBUG c.m.exception.GlobalExceptionHandler - 业务异常 [POST] /api/messages -> 未登录或登录状态已失效
2026-09-11 20:30:28.077 [main] INFO  c.miqu.service.impl.AuthServiceImpl - 用户登录成功: userId=2, username=test001
2026-09-11 20:30:28.081 [main] DEBUG c.m.exception.GlobalExceptionHandler - 业务异常 [POST] /api/messages -> 用户不存在
2026-09-11 20:30:28.084 [main] INFO  o.s.t.c.s.AnnotationConfigContextLoaderUtils - Could not detect default configuration classes for test class [com.miqu.MiquApplicationTests]: MiquApplicationTests does not declare any static, non-private, non-final, nested classes annotated with @Configuration.
2026-09-11 20:30:28.109 [main] INFO  o.s.b.t.c.SpringBootTestContextBootstrapper - Found @SpringBootConfiguration com.miqu.MiquApplication for test class com.miqu.MiquApplicationTests
2026-09-11 20:30:28.127 [main] INFO  o.s.t.c.s.AnnotationConfigContextLoaderUtils - Could not detect default configuration classes for test class [com.miqu.notification.NotificationControllerTest]: NotificationControllerTest does not declare any static, non-private, non-final, nested classes annotated with @Configuration.
2026-09-11 20:30:28.151 [main] INFO  o.s.b.t.c.SpringBootTestContextBootstrapper - Found @SpringBootConfiguration com.miqu.MiquApplication for test class com.miqu.notification.NotificationControllerTest
2026-09-11 20:30:28.223 [main] INFO  c.miqu.service.impl.AuthServiceImpl - 用户登录成功: userId=2, username=test001
2026-09-11 20:30:28.233 [main] DEBUG c.m.s.impl.NotificationServiceImpl - 通知全部标记已读: userId=2
2026-09-11 20:30:28.315 [main] INFO  c.miqu.service.impl.AuthServiceImpl - 用户登录成功: userId=2, username=test001
2026-09-11 20:30:28.405 [main] INFO  c.miqu.service.impl.AuthServiceImpl - 用户登录成功: userId=2, username=test001
2026-09-11 20:30:28.416 [main] DEBUG c.m.exception.GlobalExceptionHandler - 业务异常 [PUT] /api/notifications/read-all -> 未登录或登录状态已失效
2026-09-11 20:30:28.484 [main] INFO  c.miqu.service.impl.AuthServiceImpl - 用户登录成功: userId=2, username=test001
2026-09-11 20:30:28.550 [main] INFO  c.miqu.service.impl.AuthServiceImpl - 用户登录成功: userId=9, username=test008
2026-09-11 20:30:28.564 [main] DEBUG c.m.s.impl.NotificationServiceImpl - 生成通知: type=1, receiverId=9, actorId=2, postId=null
2026-09-11 20:30:28.564 [main] INFO  c.m.service.impl.FollowServiceImpl - 关注成功: followerId=2, followingId=9
2026-09-11 20:30:28.654 [main] INFO  c.miqu.service.impl.AuthServiceImpl - 用户登录成功: userId=2, username=test001
2026-09-11 20:30:28.729 [main] INFO  c.miqu.service.impl.AuthServiceImpl - 用户登录成功: userId=2, username=test001
2026-09-11 20:30:28.735 [main] DEBUG c.m.exception.GlobalExceptionHandler - 业务异常 [PUT] /api/notifications/999999/read -> 通知不存在
2026-09-11 20:30:28.738 [main] DEBUG c.m.exception.GlobalExceptionHandler - 业务异常 [GET] /api/notifications/unread-count -> 未登录或登录状态已失效
2026-09-11 20:30:28.810 [main] INFO  c.miqu.service.impl.AuthServiceImpl - 用户登录成功: userId=2, username=test001
2026-09-11 20:30:28.888 [main] INFO  c.miqu.service.impl.AuthServiceImpl - 用户登录成功: userId=2, username=test001
2026-09-11 20:30:28.981 [main] INFO  c.miqu.service.impl.AuthServiceImpl - 用户登录成功: userId=3, username=test002
2026-09-11 20:30:29.057 [main] INFO  c.miqu.service.impl.AuthServiceImpl - 用户登录成功: userId=2, username=test001
2026-09-11 20:30:29.066 [main] DEBUG c.m.s.impl.NotificationServiceImpl - 通知全部标记已读: userId=2
2026-09-11 20:30:29.160 [main] INFO  c.miqu.service.impl.AuthServiceImpl - 用户登录成功: userId=21, username=test018
2026-09-11 20:30:29.166 [main] DEBUG c.m.s.impl.NotificationServiceImpl - 通知全部标记已读: userId=21
2026-09-11 20:30:29.241 [main] INFO  c.miqu.service.impl.AuthServiceImpl - 用户登录成功: userId=2, username=test001
2026-09-11 20:30:29.269 [main] DEBUG c.m.exception.GlobalExceptionHandler - 业务异常 [PUT] /api/notifications/1/read -> 未登录或登录状态已失效
2026-09-11 20:30:29.273 [main] DEBUG c.m.exception.GlobalExceptionHandler - 业务异常 [GET] /api/notifications -> 未登录或登录状态已失效
2026-09-11 20:30:29.341 [main] INFO  c.miqu.service.impl.AuthServiceImpl - 用户登录成功: userId=2, username=test001
2026-09-11 20:30:29.412 [main] INFO  c.miqu.service.impl.AuthServiceImpl - 用户登录成功: userId=2, username=test001
2026-09-11 20:30:29.501 [main] INFO  c.miqu.service.impl.AuthServiceImpl - 用户登录成功: userId=2, username=test001
2026-09-11 20:30:29.582 [main] INFO  c.miqu.service.impl.AuthServiceImpl - 用户登录成功: userId=2, username=test001
2026-09-11 20:30:29.591 [main] DEBUG c.m.s.impl.NotificationServiceImpl - 生成通知: type=1, receiverId=9, actorId=2, postId=null
2026-09-11 20:30:29.591 [main] INFO  c.m.service.impl.FollowServiceImpl - 关注成功: followerId=2, followingId=9
2026-09-11 20:30:29.606 [main] DEBUG c.m.exception.GlobalExceptionHandler - 业务异常 [PUT] /api/notifications/72/read -> 无权限执行该操作
2026-09-11 20:30:29.614 [main] INFO  o.s.t.c.s.AnnotationConfigContextLoaderUtils - Could not detect default configuration classes for test class [com.miqu.post.PostControllerTest]: PostControllerTest does not declare any static, non-private, non-final, nested classes annotated with @Configuration.
2026-09-11 20:30:29.638 [main] INFO  o.s.b.t.c.SpringBootTestContextBootstrapper - Found @SpringBootConfiguration com.miqu.MiquApplication for test class com.miqu.post.PostControllerTest
2026-09-11 20:30:29.644 [main] DEBUG c.m.exception.GlobalExceptionHandler - 业务异常 [DELETE] /api/posts/1 -> 未登录或登录状态已失效
2026-09-11 20:30:29.711 [main] INFO  c.miqu.service.impl.AuthServiceImpl - 用户登录成功: userId=2, username=test001
2026-09-11 20:30:29.779 [main] INFO  c.miqu.service.impl.AuthServiceImpl - 用户登录成功: userId=2, username=test001
2026-09-11 20:30:29.849 [main] INFO  c.miqu.service.impl.AuthServiceImpl - 用户登录成功: userId=2, username=test001
2026-09-11 20:30:29.853 [main] DEBUG c.m.exception.GlobalExceptionHandler - 业务异常 [POST] /api/posts -> 图片地址不合法，请先通过上传接口获取
2026-09-11 20:30:29.915 [main] INFO  c.miqu.service.impl.AuthServiceImpl - 用户登录成功: userId=2, username=test001
2026-09-11 20:30:29.927 [main] INFO  c.miqu.service.impl.PostServiceImpl - 发布动态: postId=58, userId=2, imageCount=1
2026-09-11 20:30:29.944 [main] DEBUG c.m.exception.GlobalExceptionHandler - 业务异常 [GET] /api/posts/999999 -> 动态不存在或已被删除
2026-09-11 20:30:30.010 [main] INFO  c.miqu.service.impl.AuthServiceImpl - 用户登录成功: userId=2, username=test001
2026-09-11 20:30:30.085 [main] INFO  c.miqu.service.impl.AuthServiceImpl - 用户登录成功: userId=2, username=test001
2026-09-11 20:30:30.090 [main] INFO  c.miqu.service.impl.PostServiceImpl - 发布动态: postId=59, userId=2, imageCount=0
2026-09-11 20:30:30.108 [main] INFO  c.miqu.service.impl.PostServiceImpl - 删除动态: postId=59, operatorId=2, 作者=2, 管理员=false
2026-09-11 20:30:30.114 [main] DEBUG c.m.exception.GlobalExceptionHandler - 业务异常 [GET] /api/posts/59 -> 动态不存在或已被删除
2026-09-11 20:30:30.180 [main] INFO  c.miqu.service.impl.AuthServiceImpl - 用户登录成功: userId=2, username=test001
2026-09-11 20:30:30.184 [main] DEBUG c.m.exception.GlobalExceptionHandler - 业务异常 [DELETE] /api/posts/2 -> 无权限执行该操作
2026-09-11 20:30:30.250 [main] INFO  c.miqu.service.impl.AuthServiceImpl - 用户登录成功: userId=1, username=admin
2026-09-11 20:30:30.274 [main] INFO  c.miqu.service.impl.PostServiceImpl - 删除动态: postId=2, operatorId=1, 作者=3, 管理员=true
2026-09-11 20:30:30.277 [main] DEBUG c.m.exception.GlobalExceptionHandler - 业务异常 [GET] /api/posts/2 -> 动态不存在或已被删除
2026-09-11 20:30:30.343 [main] INFO  c.miqu.service.impl.AuthServiceImpl - 用户登录成功: userId=2, username=test001
2026-09-11 20:30:30.347 [main] DEBUG c.m.exception.GlobalExceptionHandler - 业务异常 [POST] /api/posts -> 动态内容与图片不能同时为空
2026-09-11 20:30:30.429 [main] INFO  c.miqu.service.impl.AuthServiceImpl - 用户登录成功: userId=2, username=test001
2026-09-11 20:30:30.435 [main] INFO  c.miqu.service.impl.PostServiceImpl - 发布动态: postId=60, userId=2, imageCount=0
2026-09-11 20:30:30.451 [main] DEBUG c.m.exception.GlobalExceptionHandler - 业务异常 [POST] /api/posts -> 未登录或登录状态已失效
2026-09-11 20:30:30.518 [main] INFO  c.miqu.service.impl.AuthServiceImpl - 用户登录成功: userId=2, username=test001
2026-09-11 20:30:30.521 [main] DEBUG c.m.exception.GlobalExceptionHandler - 业务异常 [DELETE] /api/posts/999999 -> 动态不存在或已被删除
2026-09-11 20:30:30.602 [main] INFO  c.miqu.service.impl.AuthServiceImpl - 用户登录成功: userId=2, username=test001
2026-09-11 20:30:30.610 [main] INFO  c.miqu.service.impl.PostServiceImpl - 删除动态: postId=1, operatorId=2, 作者=2, 管理员=false
2026-09-11 20:30:30.611 [main] DEBUG c.m.exception.GlobalExceptionHandler - 业务异常 [GET] /api/posts/1 -> 动态不存在或已被删除
2026-09-11 20:30:30.611 [main] DEBUG c.m.exception.GlobalExceptionHandler - 业务异常 [GET] /api/posts/1/comments -> 动态不存在或已被删除
2026-09-11 20:30:30.699 [main] INFO  c.miqu.service.impl.AuthServiceImpl - 用户登录成功: userId=2, username=test001
2026-09-11 20:30:30.705 [main] INFO  c.miqu.service.impl.PostServiceImpl - 发布动态: postId=61, userId=2, imageCount=0
2026-09-11 20:30:30.792 [main] INFO  c.miqu.service.impl.AuthServiceImpl - 用户登录成功: userId=2, username=test001
2026-09-11 20:30:30.798 [main] DEBUG c.m.exception.GlobalExceptionHandler - 业务异常 [GET] /api/posts -> 未登录或登录状态已失效
2026-09-11 20:30:30.871 [main] INFO  c.miqu.service.impl.AuthServiceImpl - 用户登录成功: userId=2, username=test001
2026-09-11 20:30:30.976 [main] INFO  c.miqu.service.impl.AuthServiceImpl - 用户登录成功: userId=2, username=test001
2026-09-11 20:30:30.989 [main] INFO  c.miqu.service.impl.PostServiceImpl - 发布动态: postId=62, userId=2, imageCount=2
2026-09-11 20:30:31.000 [main] INFO  o.s.t.c.s.AnnotationConfigContextLoaderUtils - Could not detect default configuration classes for test class [com.miqu.post.PostLikeControllerTest]: PostLikeControllerTest does not declare any static, non-private, non-final, nested classes annotated with @Configuration.
2026-09-11 20:30:31.001 [main] INFO  o.s.b.t.c.SpringBootTestContextBootstrapper - Found @SpringBootConfiguration com.miqu.MiquApplication for test class com.miqu.post.PostLikeControllerTest
2026-09-11 20:30:31.065 [main] INFO  c.miqu.service.impl.AuthServiceImpl - 用户登录成功: userId=2, username=test001
2026-09-11 20:30:31.070 [main] INFO  c.miqu.service.impl.PostServiceImpl - 发布动态: postId=63, userId=2, imageCount=0
2026-09-11 20:30:31.131 [main] INFO  c.miqu.service.impl.AuthServiceImpl - 用户登录成功: userId=3, username=test002
2026-09-11 20:30:31.141 [main] DEBUG c.m.s.impl.NotificationServiceImpl - 生成通知: type=2, receiverId=2, actorId=3, postId=63
2026-09-11 20:30:31.142 [main] INFO  c.miqu.service.impl.PostServiceImpl - 点赞: postId=63, userId=3
2026-09-11 20:30:31.148 [main] INFO  c.miqu.service.impl.PostServiceImpl - 取消点赞: postId=63, userId=3
2026-09-11 20:30:31.225 [main] INFO  c.miqu.service.impl.AuthServiceImpl - 用户登录成功: userId=2, username=test001
2026-09-11 20:30:31.231 [main] INFO  c.miqu.service.impl.PostServiceImpl - 发布动态: postId=64, userId=2, imageCount=0
2026-09-11 20:30:31.292 [main] INFO  c.miqu.service.impl.AuthServiceImpl - 用户登录成功: userId=3, username=test002
2026-09-11 20:30:31.298 [main] DEBUG c.m.s.impl.NotificationServiceImpl - 生成通知: type=2, receiverId=2, actorId=3, postId=64
2026-09-11 20:30:31.298 [main] INFO  c.miqu.service.impl.PostServiceImpl - 点赞: postId=64, userId=3
2026-09-11 20:30:31.303 [main] INFO  c.miqu.service.impl.PostServiceImpl - 取消点赞: postId=64, userId=3
2026-09-11 20:30:31.376 [main] INFO  c.miqu.service.impl.AuthServiceImpl - 用户登录成功: userId=2, username=test001
2026-09-11 20:30:31.387 [main] INFO  c.miqu.service.impl.PostServiceImpl - 发布动态: postId=65, userId=2, imageCount=0
2026-09-11 20:30:31.444 [main] INFO  c.miqu.service.impl.AuthServiceImpl - 用户登录成功: userId=3, username=test002
2026-09-11 20:30:31.447 [main] DEBUG c.m.exception.GlobalExceptionHandler - 业务异常 [DELETE] /api/posts/65/like -> 尚未点赞该动态
2026-09-11 20:30:31.514 [main] INFO  c.miqu.service.impl.AuthServiceImpl - 用户登录成功: userId=3, username=test002
2026-09-11 20:30:31.516 [main] DEBUG c.m.exception.GlobalExceptionHandler - 业务异常 [POST] /api/posts/999999/like -> 动态不存在或已被删除
2026-09-11 20:30:31.583 [main] INFO  c.miqu.service.impl.AuthServiceImpl - 用户登录成功: userId=2, username=test001
2026-09-11 20:30:31.588 [main] INFO  c.miqu.service.impl.PostServiceImpl - 发布动态: postId=66, userId=2, imageCount=0
2026-09-11 20:30:31.650 [main] INFO  c.miqu.service.impl.AuthServiceImpl - 用户登录成功: userId=3, username=test002
2026-09-11 20:30:31.658 [main] DEBUG c.m.s.impl.NotificationServiceImpl - 生成通知: type=2, receiverId=2, actorId=3, postId=66
2026-09-11 20:30:31.658 [main] INFO  c.miqu.service.impl.PostServiceImpl - 点赞: postId=66, userId=3
2026-09-11 20:30:31.661 [main] DEBUG c.m.exception.GlobalExceptionHandler - 业务异常 [POST] /api/posts/66/like -> 已经点赞过该动态
2026-09-11 20:30:31.724 [main] INFO  c.miqu.service.impl.AuthServiceImpl - 用户登录成功: userId=2, username=test001
2026-09-11 20:30:31.731 [main] INFO  c.miqu.service.impl.PostServiceImpl - 发布动态: postId=67, userId=2, imageCount=0
2026-09-11 20:30:31.790 [main] INFO  c.miqu.service.impl.AuthServiceImpl - 用户登录成功: userId=2, username=test001
2026-09-11 20:30:31.797 [main] INFO  c.miqu.service.impl.PostServiceImpl - 点赞: postId=67, userId=2
2026-09-11 20:30:31.862 [main] INFO  c.miqu.service.impl.AuthServiceImpl - 用户登录成功: userId=2, username=test001
2026-09-11 20:30:31.868 [main] INFO  c.miqu.service.impl.PostServiceImpl - 发布动态: postId=68, userId=2, imageCount=0
2026-09-11 20:30:31.927 [main] INFO  c.miqu.service.impl.AuthServiceImpl - 用户登录成功: userId=3, username=test002
2026-09-11 20:30:31.934 [main] DEBUG c.m.s.impl.NotificationServiceImpl - 生成通知: type=2, receiverId=2, actorId=3, postId=68
2026-09-11 20:30:31.934 [main] INFO  c.miqu.service.impl.PostServiceImpl - 点赞: postId=68, userId=3
2026-09-11 20:30:32.003 [main] INFO  c.miqu.service.impl.AuthServiceImpl - 用户登录成功: userId=2, username=test001
2026-09-11 20:30:32.008 [main] INFO  c.miqu.service.impl.PostServiceImpl - 发布动态: postId=69, userId=2, imageCount=0
2026-09-11 20:30:32.067 [main] INFO  c.miqu.service.impl.AuthServiceImpl - 用户登录成功: userId=3, username=test002
2026-09-11 20:30:32.076 [main] DEBUG c.m.s.impl.NotificationServiceImpl - 生成通知: type=2, receiverId=2, actorId=3, postId=69
2026-09-11 20:30:32.076 [main] INFO  c.miqu.service.impl.PostServiceImpl - 点赞: postId=69, userId=3
2026-09-11 20:30:32.082 [main] DEBUG c.m.exception.GlobalExceptionHandler - 业务异常 [POST] /api/posts/1/like -> 未登录或登录状态已失效
2026-09-11 20:30:32.149 [main] INFO  c.miqu.service.impl.AuthServiceImpl - 用户登录成功: userId=2, username=test001
2026-09-11 20:30:32.155 [main] INFO  c.miqu.service.impl.PostServiceImpl - 发布动态: postId=70, userId=2, imageCount=0
2026-09-11 20:30:32.214 [main] INFO  c.miqu.service.impl.AuthServiceImpl - 用户登录成功: userId=3, username=test002
2026-09-11 20:30:32.221 [main] DEBUG c.m.s.impl.NotificationServiceImpl - 生成通知: type=2, receiverId=2, actorId=3, postId=70
2026-09-11 20:30:32.221 [main] INFO  c.miqu.service.impl.PostServiceImpl - 点赞: postId=70, userId=3
2026-09-11 20:30:32.234 [main] INFO  c.miqu.service.impl.PostServiceImpl - 取消点赞: postId=70, userId=3
2026-09-11 20:30:32.248 [main] DEBUG c.m.s.impl.NotificationServiceImpl - 生成通知: type=2, receiverId=2, actorId=3, postId=70
2026-09-11 20:30:32.248 [main] INFO  c.miqu.service.impl.PostServiceImpl - 点赞: postId=70, userId=3
2026-09-11 20:30:32.335 [main] INFO  c.miqu.service.impl.AuthServiceImpl - 用户登录成功: userId=2, username=test001
2026-09-11 20:30:32.340 [main] INFO  c.miqu.service.impl.PostServiceImpl - 发布动态: postId=71, userId=2, imageCount=0
2026-09-11 20:30:32.392 [main] INFO  c.miqu.service.impl.AuthServiceImpl - 用户登录成功: userId=3, username=test002
2026-09-11 20:30:32.406 [main] DEBUG c.m.s.impl.NotificationServiceImpl - 生成通知: type=2, receiverId=2, actorId=3, postId=71
2026-09-11 20:30:32.406 [main] INFO  c.miqu.service.impl.PostServiceImpl - 点赞: postId=71, userId=3
2026-09-11 20:30:32.426 [main] INFO  c.miqu.service.impl.PostServiceImpl - 取消点赞: postId=71, userId=3
2026-09-11 20:30:32.434 [main] DEBUG c.m.s.impl.NotificationServiceImpl - 生成通知: type=2, receiverId=2, actorId=3, postId=71
2026-09-11 20:30:32.434 [main] INFO  c.miqu.service.impl.PostServiceImpl - 点赞: postId=71, userId=3
2026-09-11 20:30:32.450 [main] INFO  c.miqu.service.impl.PostServiceImpl - 取消点赞: postId=71, userId=3
2026-09-11 20:30:32.458 [main] DEBUG c.m.s.impl.NotificationServiceImpl - 生成通知: type=2, receiverId=2, actorId=3, postId=71
2026-09-11 20:30:32.458 [main] INFO  c.miqu.service.impl.PostServiceImpl - 点赞: postId=71, userId=3
2026-09-11 20:30:32.465 [main] INFO  c.miqu.service.impl.PostServiceImpl - 取消点赞: postId=71, userId=3
2026-09-11 20:30:32.533 [main] INFO  c.miqu.service.impl.AuthServiceImpl - 用户登录成功: userId=2, username=test001
2026-09-11 20:30:32.541 [main] INFO  c.miqu.service.impl.PostServiceImpl - 发布动态: postId=72, userId=2, imageCount=0
2026-09-11 20:30:32.604 [main] INFO  c.miqu.service.impl.AuthServiceImpl - 用户登录成功: userId=3, username=test002
2026-09-11 20:30:32.614 [main] DEBUG c.m.s.impl.NotificationServiceImpl - 生成通知: type=2, receiverId=2, actorId=3, postId=72
2026-09-11 20:30:32.614 [main] INFO  c.miqu.service.impl.PostServiceImpl - 点赞: postId=72, userId=3
2026-09-11 20:30:32.695 [main] INFO  c.miqu.service.impl.AuthServiceImpl - 用户登录成功: userId=4, username=test003
2026-09-11 20:30:32.703 [main] DEBUG c.m.s.impl.NotificationServiceImpl - 生成通知: type=2, receiverId=2, actorId=4, postId=72
2026-09-11 20:30:32.703 [main] INFO  c.miqu.service.impl.PostServiceImpl - 点赞: postId=72, userId=4
2026-09-11 20:30:32.755 [main] INFO  c.miqu.service.impl.AuthServiceImpl - 用户登录成功: userId=5, username=test004
2026-09-11 20:30:32.762 [main] DEBUG c.m.s.impl.NotificationServiceImpl - 生成通知: type=2, receiverId=2, actorId=5, postId=72
2026-09-11 20:30:32.762 [main] INFO  c.miqu.service.impl.PostServiceImpl - 点赞: postId=72, userId=5
2026-09-11 20:30:32.784 [main] INFO  o.s.t.c.s.AnnotationConfigContextLoaderUtils - Could not detect default configuration classes for test class [com.miqu.report.ReportControllerTest]: ReportControllerTest does not declare any static, non-private, non-final, nested classes annotated with @Configuration.
2026-09-11 20:30:32.810 [main] INFO  o.s.b.t.c.SpringBootTestContextBootstrapper - Found @SpringBootConfiguration com.miqu.MiquApplication for test class com.miqu.report.ReportControllerTest
2026-09-11 20:30:32.880 [main] INFO  c.miqu.service.impl.AuthServiceImpl - 用户登录成功: userId=2, username=test001
2026-09-11 20:30:32.885 [main] DEBUG c.m.exception.GlobalExceptionHandler - 业务异常 [POST] /api/reports -> 不能举报自己
2026-09-11 20:30:32.962 [main] INFO  c.miqu.service.impl.AuthServiceImpl - 用户登录成功: userId=2, username=test001
2026-09-11 20:30:32.966 [main] INFO  c.m.service.impl.ReportServiceImpl - 提交举报: reportId=14, reporterId=2, target=(2, 2)
2026-09-11 20:30:32.969 [main] DEBUG c.m.exception.GlobalExceptionHandler - 业务异常 [POST] /api/reports -> 你已经举报过该内容
2026-09-11 20:30:33.028 [main] INFO  c.miqu.service.impl.AuthServiceImpl - 用户登录成功: userId=2, username=test001
2026-09-11 20:30:33.034 [main] INFO  c.m.service.impl.ReportServiceImpl - 提交举报: reportId=15, reporterId=2, target=(1, 15)
2026-09-11 20:30:33.101 [main] INFO  c.miqu.service.impl.AuthServiceImpl - 用户登录成功: userId=2, username=test001
2026-09-11 20:30:33.106 [main] INFO  c.m.service.impl.ReportServiceImpl - 提交举报: reportId=16, reporterId=2, target=(3, 1)
2026-09-11 20:30:33.109 [main] DEBUG c.m.exception.GlobalExceptionHandler - 业务异常 [POST] /api/reports -> 未登录或登录状态已失效
2026-09-11 20:30:33.176 [main] INFO  c.miqu.service.impl.AuthServiceImpl - 用户登录成功: userId=2, username=test001
2026-09-11 20:30:33.183 [main] INFO  c.m.service.impl.ReportServiceImpl - 提交举报: reportId=17, reporterId=2, target=(2, 2)
2026-09-11 20:30:33.246 [main] INFO  c.miqu.service.impl.AuthServiceImpl - 用户登录成功: userId=2, username=test001
2026-09-11 20:30:33.311 [main] INFO  c.miqu.service.impl.AuthServiceImpl - 用户登录成功: userId=1, username=admin
2026-09-11 20:30:33.325 [main] INFO  c.m.service.impl.ReportServiceImpl - 提交举报: reportId=18, reporterId=2, target=(2, 2)
2026-09-11 20:30:33.415 [main] INFO  c.miqu.service.impl.AuthServiceImpl - 用户登录成功: userId=2, username=test001
2026-09-11 20:30:33.418 [main] DEBUG c.m.exception.GlobalExceptionHandler - 业务异常 [POST] /api/reports -> 用户不存在
2026-09-11 20:30:33.490 [main] INFO  c.miqu.service.impl.AuthServiceImpl - 用户登录成功: userId=2, username=test001
2026-09-11 20:30:33.560 [main] INFO  c.miqu.service.impl.AuthServiceImpl - 用户登录成功: userId=2, username=test001
2026-09-11 20:30:33.565 [main] INFO  c.m.service.impl.ReportServiceImpl - 提交举报: reportId=19, reporterId=2, target=(1, 12)
2026-09-11 20:30:33.631 [main] INFO  c.miqu.service.impl.AuthServiceImpl - 用户登录成功: userId=2, username=test001
2026-09-11 20:30:33.635 [main] DEBUG c.m.exception.GlobalExceptionHandler - 业务异常 [POST] /api/reports -> 动态不存在或已被删除
2026-09-11 20:30:33.636 [main] DEBUG c.m.exception.GlobalExceptionHandler - 业务异常 [POST] /api/reports -> 用户不存在
2026-09-11 20:30:33.638 [main] DEBUG c.m.exception.GlobalExceptionHandler - 业务异常 [POST] /api/reports -> 评论不存在或已被删除
2026-09-11 20:30:33.696 [main] INFO  c.miqu.service.impl.AuthServiceImpl - 用户登录成功: userId=2, username=test001
2026-09-11 20:30:33.770 [main] INFO  c.miqu.service.impl.AuthServiceImpl - 用户登录成功: userId=2, username=test001
2026-09-11 20:30:33.773 [main] DEBUG c.m.exception.GlobalExceptionHandler - 业务异常 [POST] /api/reports -> 不能举报自己
2026-09-11 20:30:33.774 [main] INFO  o.s.t.c.s.AnnotationConfigContextLoaderUtils - Could not detect default configuration classes for test class [com.miqu.user.UserControllerTest]: UserControllerTest does not declare any static, non-private, non-final, nested classes annotated with @Configuration.
2026-09-11 20:30:33.802 [main] INFO  o.s.b.t.c.SpringBootTestContextBootstrapper - Found @SpringBootConfiguration com.miqu.MiquApplication for test class com.miqu.user.UserControllerTest
2026-09-11 20:30:33.874 [main] INFO  c.miqu.service.impl.AuthServiceImpl - 用户登录成功: userId=2, username=test001
2026-09-11 20:30:33.950 [main] INFO  c.miqu.service.impl.AuthServiceImpl - 用户登录成功: userId=2, username=test001
2026-09-11 20:30:33.963 [main] DEBUG c.m.exception.GlobalExceptionHandler - 业务异常 [GET] /api/users/me -> 账号已被禁用，请联系管理员
2026-09-11 20:30:33.967 [main] DEBUG c.m.exception.GlobalExceptionHandler - 业务异常 [GET] /api/users/me -> 未登录或登录状态已失效
2026-09-11 20:30:34.039 [main] INFO  c.miqu.service.impl.AuthServiceImpl - 用户登录成功: userId=2, username=test001
2026-09-11 20:30:34.169 [main] DEBUG c.m.exception.GlobalExceptionHandler - 业务异常 [PUT] /api/users/me/password -> 新密码不能与原密码相同
2026-09-11 20:30:34.232 [main] INFO  c.miqu.service.impl.AuthServiceImpl - 用户登录成功: userId=2, username=test001
2026-09-11 20:30:34.239 [main] DEBUG com.miqu.security.JwtTokenProvider - JWT 解析失败：Invalid compact JWT string: Compact JWSs must contain exactly 2 period characters, and compact JWEs must contain exactly 4.  Found: 3
2026-09-11 20:30:34.239 [main] DEBUG c.m.exception.GlobalExceptionHandler - 业务异常 [GET] /api/users/me -> 未登录或登录状态已失效
2026-09-11 20:30:34.314 [main] INFO  c.miqu.service.impl.AuthServiceImpl - 用户登录成功: userId=2, username=test001
2026-09-11 20:30:34.385 [main] INFO  c.miqu.service.impl.AuthServiceImpl - 用户登录成功: userId=2, username=test001
2026-09-11 20:30:34.445 [main] DEBUG c.m.exception.GlobalExceptionHandler - 业务异常 [PUT] /api/users/me/password -> 原密码不正确
2026-09-11 20:30:34.514 [main] INFO  c.miqu.service.impl.AuthServiceImpl - 用户登录成功: userId=2, username=test001
2026-09-11 20:30:34.701 [main] INFO  c.miqu.service.impl.UserServiceImpl - 用户修改密码: userId=2
2026-09-11 20:30:34.766 [main] INFO  c.miqu.service.impl.AuthServiceImpl - 登录失败: username=test001, 原因=凭证不匹配
2026-09-11 20:30:34.768 [main] DEBUG c.m.exception.GlobalExceptionHandler - 业务异常 [POST] /api/auth/login -> 用户名或密码错误
2026-09-11 20:30:34.831 [main] INFO  c.miqu.service.impl.AuthServiceImpl - 用户登录成功: userId=2, username=test001
2026-09-11 20:30:34.904 [main] INFO  c.miqu.service.impl.AuthServiceImpl - 用户登录成功: userId=2, username=test001
2026-09-11 20:30:34.908 [main] INFO  c.miqu.service.impl.UserServiceImpl - 用户修改头像: userId=2
2026-09-11 20:30:34.915 [main] DEBUG c.m.exception.GlobalExceptionHandler - 业务异常 [PUT] /api/users/me -> 未登录或登录状态已失效
2026-09-11 20:30:34.983 [main] INFO  c.miqu.service.impl.AuthServiceImpl - 用户登录成功: userId=2, username=test001
2026-09-11 20:30:34.984 [main] DEBUG c.m.exception.GlobalExceptionHandler - 业务异常 [GET] /api/users/me -> 未登录或登录状态已失效
2026-09-11 20:30:35.053 [main] INFO  c.miqu.service.impl.AuthServiceImpl - 用户登录成功: userId=2, username=test001
2026-09-11 20:30:35.058 [main] INFO  c.miqu.service.impl.UserServiceImpl - 用户修改资料: userId=2
2026-09-11 20:30:35.122 [main] INFO  c.miqu.service.impl.AuthServiceImpl - 用户登录成功: userId=2, username=test001
2026-09-11 20:30:35.128 [main] DEBUG c.m.exception.GlobalExceptionHandler - 业务异常 [GET] /api/users/me -> 未登录或登录状态已失效
2026-09-11 20:30:35.134 [main] DEBUG c.m.exception.GlobalExceptionHandler - 业务异常 [GET] /api/users/me -> 未登录或登录状态已失效
2026-09-11 20:30:35.136 [main] INFO  o.s.t.c.s.AnnotationConfigContextLoaderUtils - Could not detect default configuration classes for test class [com.miqu.user.UserSearchTest]: UserSearchTest does not declare any static, non-private, non-final, nested classes annotated with @Configuration.
2026-09-11 20:30:35.138 [main] INFO  o.s.b.t.c.SpringBootTestContextBootstrapper - Found @SpringBootConfiguration com.miqu.MiquApplication for test class com.miqu.user.UserSearchTest
2026-09-11 20:30:35.214 [main] INFO  c.miqu.service.impl.AuthServiceImpl - 用户登录成功: userId=2, username=test001
2026-09-11 20:30:35.329 [SpringApplicationShutdownHook] INFO  com.zaxxer.hikari.HikariDataSource - MiquHikariPool - Shutdown initiated...
2026-09-11 20:30:35.337 [SpringApplicationShutdownHook] INFO  com.zaxxer.hikari.HikariDataSource - MiquHikariPool - Shutdown completed.
2026-09-11 20:30:35.340 [SpringApplicationShutdownHook] INFO  com.zaxxer.hikari.HikariDataSource - MiquHikariPool - Shutdown initiated...
2026-09-11 20:30:35.342 [SpringApplicationShutdownHook] INFO  com.zaxxer.hikari.HikariDataSource - MiquHikariPool - Shutdown completed.
2026-09-11 20:30:45.470 [background-preinit] INFO  o.h.validator.internal.util.Version - HV000001: Hibernate Validator 8.0.2.Final
2026-09-11 20:30:45.504 [main] INFO  com.miqu.MiquApplication - Starting MiquApplication v1.0.0 using Java 25 with PID 7200 (D:\Projects\Miqu\backend\target\miqu-backend-1.0.0.jar started by 张志鹏 in D:\Projects\Miqu\backend)
2026-09-11 20:30:45.504 [main] DEBUG com.miqu.MiquApplication - Running with Spring Boot v3.4.7, Spring v6.2.8
2026-09-11 20:30:45.505 [main] INFO  com.miqu.MiquApplication - No active profile set, falling back to 1 default profile: "default"
2026-09-11 20:30:46.479 [main] INFO  o.s.b.w.e.tomcat.TomcatWebServer - Tomcat initialized with port 8081 (http)
2026-09-11 20:30:46.492 [main] INFO  o.a.coyote.http11.Http11NioProtocol - Initializing ProtocolHandler ["http-nio-8081"]
2026-09-11 20:30:46.494 [main] INFO  o.a.catalina.core.StandardService - Starting service [Tomcat]
2026-09-11 20:30:46.494 [main] INFO  o.a.catalina.core.StandardEngine - Starting Servlet engine: [Apache Tomcat/10.1.42]
2026-09-11 20:30:46.525 [main] INFO  o.a.c.c.C.[Tomcat].[localhost].[/] - Initializing Spring embedded WebApplicationContext
2026-09-11 20:30:46.525 [main] INFO  o.s.b.w.s.c.ServletWebServerApplicationContext - Root WebApplicationContext: initialization completed in 989 ms
2026-09-11 20:30:46.872 [main] DEBUG c.m.security.JwtAuthenticationFilter - Filter 'jwtAuthenticationFilter' configured for use
2026-09-11 20:30:47.359 [main] WARN  o.s.w.s.r.ResourceHandlerUtils - Appended trailing slash to static resource location: file:///D:/Projects/Miqu/backend/uploads/
2026-09-11 20:30:47.534 [main] INFO  o.a.coyote.http11.Http11NioProtocol - Starting ProtocolHandler ["http-nio-8081"]
2026-09-11 20:30:47.562 [main] INFO  o.s.b.w.e.tomcat.TomcatWebServer - Tomcat started on port 8081 (http) with context path '/'
2026-09-11 20:30:47.568 [main] INFO  com.miqu.MiquApplication - Started MiquApplication in 2.485 seconds (process running for 2.747)
2026-09-11 20:30:47.570 [main] INFO  com.zaxxer.hikari.HikariDataSource - MiquHikariPool - Starting...
2026-09-11 20:30:48.685 [main] ERROR com.miqu.MiquApplication - 
============================================================
 启动失败：无法连接数据库
------------------------------------------------------------
 当前配置
   地址    jdbc:mysql://localhost:3306/miqu?serverTimezone=Asia/Shanghai&characterEncoding=utf8&useSSL=false&allowPublicKeyRetrieval=true&rewriteBatchedStatements=true
   用户名  root
 失败原因
   Access denied for user 'root'@'localhost' (using password: NO)
------------------------------------------------------------
 请依次检查

 1) MySQL 是否已启动

 2) 是否提供了数据库口令。
    项目**不把密码写进配置文件**，需通过环境变量传入：

      Git Bash    export DB_USERNAME=root DB_PASSWORD=你的密码
      PowerShell  $env:DB_USERNAME="root"; $env:DB_PASSWORD="你的密码"
      CMD         set DB_USERNAME=root && set DB_PASSWORD=你的密码

    然后重新启动后端。

 3) 数据库是否已初始化：

      mysql -u root -p < database/schema.sql
      mysql -u root -p < database/data.sql

 其他连接参数（换机器时可能需要）：
   DB_HOST（默认 localhost）· DB_PORT（默认 3306）· DB_NAME（默认 miqu）
============================================================

2026-09-11 20:30:48.688 [main] INFO  o.s.b.w.e.tomcat.GracefulShutdown - Commencing graceful shutdown. Waiting for active requests to complete
2026-09-11 20:30:48.691 [tomcat-shutdown] INFO  o.a.coyote.http11.Http11NioProtocol - Pausing ProtocolHandler ["http-nio-8081"]
2026-09-11 20:30:48.697 [tomcat-shutdown] INFO  o.s.b.w.e.tomcat.GracefulShutdown - Graceful shutdown complete
2026-09-11 20:30:48.699 [main] INFO  o.a.coyote.http11.Http11NioProtocol - Stopping ProtocolHandler ["http-nio-8081"]
2026-09-11 20:30:58.038 [background-preinit] INFO  o.h.validator.internal.util.Version - HV000001: Hibernate Validator 8.0.2.Final
2026-09-11 20:30:58.066 [main] INFO  com.miqu.MiquApplication - Starting MiquApplication v1.0.0 using Java 25 with PID 38904 (D:\Projects\Miqu\backend\target\miqu-backend-1.0.0.jar started by 张志鹏 in D:\Projects\Miqu\backend)
2026-09-11 20:30:58.067 [main] DEBUG com.miqu.MiquApplication - Running with Spring Boot v3.4.7, Spring v6.2.8
2026-09-11 20:30:58.067 [main] INFO  com.miqu.MiquApplication - No active profile set, falling back to 1 default profile: "default"
2026-09-11 20:30:59.004 [main] INFO  o.s.b.w.e.tomcat.TomcatWebServer - Tomcat initialized with port 8081 (http)
2026-09-11 20:30:59.016 [main] INFO  o.a.coyote.http11.Http11NioProtocol - Initializing ProtocolHandler ["http-nio-8081"]
2026-09-11 20:30:59.018 [main] INFO  o.a.catalina.core.StandardService - Starting service [Tomcat]
2026-09-11 20:30:59.018 [main] INFO  o.a.catalina.core.StandardEngine - Starting Servlet engine: [Apache Tomcat/10.1.42]
2026-09-11 20:30:59.045 [main] INFO  o.a.c.c.C.[Tomcat].[localhost].[/] - Initializing Spring embedded WebApplicationContext
2026-09-11 20:30:59.047 [main] INFO  o.s.b.w.s.c.ServletWebServerApplicationContext - Root WebApplicationContext: initialization completed in 948 ms
2026-09-11 20:30:59.372 [main] DEBUG c.m.security.JwtAuthenticationFilter - Filter 'jwtAuthenticationFilter' configured for use
2026-09-11 20:30:59.874 [main] WARN  o.s.w.s.r.ResourceHandlerUtils - Appended trailing slash to static resource location: file:///D:/Projects/Miqu/backend/uploads/
2026-09-11 20:31:00.071 [main] INFO  o.a.coyote.http11.Http11NioProtocol - Starting ProtocolHandler ["http-nio-8081"]
2026-09-11 20:31:00.095 [main] INFO  o.s.b.w.e.tomcat.TomcatWebServer - Tomcat started on port 8081 (http) with context path '/'
2026-09-11 20:31:00.099 [main] INFO  com.miqu.MiquApplication - Started MiquApplication in 2.475 seconds (process running for 2.72)
2026-09-11 20:31:00.103 [main] INFO  com.zaxxer.hikari.HikariDataSource - MiquHikariPool - Starting...
2026-09-11 20:31:00.213 [main] INFO  com.zaxxer.hikari.pool.HikariPool - MiquHikariPool - Added connection com.mysql.cj.jdbc.ConnectionImpl@1a01ffff
2026-09-11 20:31:00.214 [main] INFO  com.zaxxer.hikari.HikariDataSource - MiquHikariPool - Start completed.
2026-09-11 20:31:00.218 [main] INFO  com.miqu.MiquApplication - 数据库连接正常：jdbc:mysql://localhost:3306/miqu?serverTimezone=Asia/Shanghai&characterEncoding=utf8&useSSL=false&allowPublicKeyRetrieval=true&rewriteBatchedStatements=true
2026-09-11 20:31:00.221 [main] INFO  com.miqu.MiquApplication - 
----------------------------------------------------------
  Miqu 觅取社交系统启动完成
  接口文档: http://localhost:8081/swagger-ui.html
  健康检查: http://localhost:8081/api/health
----------------------------------------------------------
2026-09-11 20:31:29.059 [http-nio-8081-exec-1] INFO  o.a.c.c.C.[Tomcat].[localhost].[/] - Initializing Spring DispatcherServlet 'dispatcherServlet'
2026-09-11 20:31:29.059 [http-nio-8081-exec-1] INFO  o.s.web.servlet.DispatcherServlet - Initializing Servlet 'dispatcherServlet'
2026-09-11 20:31:29.059 [http-nio-8081-exec-1] INFO  o.s.web.servlet.DispatcherServlet - Completed initialization in 0 ms
2026-09-11 20:31:29.904 [http-nio-8081-exec-5] INFO  c.miqu.service.impl.AuthServiceImpl - 用户登录成功: userId=2, username=test001
2026-09-11 20:32:06.434 [background-preinit] INFO  o.h.validator.internal.util.Version - HV000001: Hibernate Validator 8.0.2.Final
2026-09-11 20:32:06.467 [main] INFO  c.miqu.admin.AdminAccessControlTest - Starting AdminAccessControlTest using Java 21.0.11 with PID 13692 (started by 张志鹏 in D:\Projects\Miqu\backend)
2026-09-11 20:32:06.469 [main] DEBUG c.miqu.admin.AdminAccessControlTest - Running with Spring Boot v3.4.7, Spring v6.2.8
2026-09-11 20:32:06.470 [main] INFO  c.miqu.admin.AdminAccessControlTest - No active profile set, falling back to 1 default profile: "default"
2026-09-11 20:32:08.270 [main] WARN  o.s.w.s.r.ResourceHandlerUtils - Appended trailing slash to static resource location: file:///D:/Projects/Miqu/backend/uploads/
2026-09-11 20:32:09.017 [main] DEBUG c.m.security.JwtAuthenticationFilter - Filter 'jwtAuthenticationFilter' configured for use
2026-09-11 20:32:09.019 [main] INFO  o.s.b.t.m.w.SpringBootMockServletContext - Initializing Spring TestDispatcherServlet ''
2026-09-11 20:32:09.020 [main] INFO  o.s.t.w.s.TestDispatcherServlet - Initializing Servlet ''
2026-09-11 20:32:09.022 [main] INFO  o.s.t.w.s.TestDispatcherServlet - Completed initialization in 2 ms
2026-09-11 20:32:09.092 [main] INFO  c.miqu.admin.AdminAccessControlTest - Started AdminAccessControlTest in 2.932 seconds (process running for 3.749)
2026-09-11 20:32:09.154 [main] INFO  com.zaxxer.hikari.HikariDataSource - MiquHikariPool - Starting...
2026-09-11 20:32:09.426 [main] INFO  com.zaxxer.hikari.pool.HikariPool - MiquHikariPool - Added connection com.mysql.cj.jdbc.ConnectionImpl@21e702b8
2026-09-11 20:32:09.429 [main] INFO  com.zaxxer.hikari.HikariDataSource - MiquHikariPool - Start completed.
2026-09-11 20:32:10.812 [main] INFO  c.miqu.service.impl.AuthServiceImpl - 用户登录成功: userId=2, username=test001
2026-09-11 20:32:10.850 [main] DEBUG c.m.exception.GlobalExceptionHandler - 业务异常 [GET] /api/admin/stats -> 未登录或登录状态已失效
2026-09-11 20:32:10.890 [main] DEBUG c.m.exception.GlobalExceptionHandler - 业务异常 [GET] /api/admin/stats -> 无权限执行该操作
2026-09-11 20:32:11.000 [main] INFO  c.miqu.service.impl.AuthServiceImpl - 用户登录成功: userId=2, username=test001
2026-09-11 20:32:11.017 [main] DEBUG c.m.exception.GlobalExceptionHandler - 业务异常 [GET] /api/admin/stats -> 无权限执行该操作
2026-09-11 20:32:11.076 [main] DEBUG c.m.exception.GlobalExceptionHandler - 业务异常 [GET] /api/admin/users -> 无权限执行该操作
2026-09-11 20:32:11.080 [main] DEBUG c.m.exception.GlobalExceptionHandler - 业务异常 [GET] /api/admin/users/2 -> 无权限执行该操作
2026-09-11 20:32:11.083 [main] DEBUG c.m.exception.GlobalExceptionHandler - 业务异常 [PUT] /api/admin/users/2/status -> 无权限执行该操作
2026-09-11 20:32:11.085 [main] DEBUG c.m.exception.GlobalExceptionHandler - 业务异常 [GET] /api/admin/posts -> 无权限执行该操作
2026-09-11 20:32:11.088 [main] DEBUG c.m.exception.GlobalExceptionHandler - 业务异常 [DELETE] /api/admin/posts/1 -> 无权限执行该操作
2026-09-11 20:32:11.091 [main] DEBUG c.m.exception.GlobalExceptionHandler - 业务异常 [GET] /api/admin/comments -> 无权限执行该操作
2026-09-11 20:32:11.095 [main] DEBUG c.m.exception.GlobalExceptionHandler - 业务异常 [DELETE] /api/admin/comments/1 -> 无权限执行该操作
2026-09-11 20:32:11.096 [main] DEBUG c.m.exception.GlobalExceptionHandler - 业务异常 [GET] /api/admin/reports -> 无权限执行该操作
2026-09-11 20:32:11.100 [main] DEBUG c.m.exception.GlobalExceptionHandler - 业务异常 [PUT] /api/admin/reports/1/handle -> 无权限执行该操作
2026-09-11 20:32:11.104 [main] DEBUG c.m.exception.GlobalExceptionHandler - 业务异常 [GET] /api/admin/logs -> 无权限执行该操作
2026-09-11 20:32:11.114 [main] DEBUG c.m.exception.GlobalExceptionHandler - 业务异常 [GET] /api/admin/stats -> 未登录或登录状态已失效
2026-09-11 20:32:11.116 [main] DEBUG c.m.exception.GlobalExceptionHandler - 业务异常 [GET] /api/admin/users -> 未登录或登录状态已失效
2026-09-11 20:32:11.116 [main] DEBUG c.m.exception.GlobalExceptionHandler - 业务异常 [GET] /api/admin/users/2 -> 未登录或登录状态已失效
2026-09-11 20:32:11.119 [main] DEBUG c.m.exception.GlobalExceptionHandler - 业务异常 [PUT] /api/admin/users/2/status -> 未登录或登录状态已失效
2026-09-11 20:32:11.120 [main] DEBUG c.m.exception.GlobalExceptionHandler - 业务异常 [GET] /api/admin/posts -> 未登录或登录状态已失效
2026-09-11 20:32:11.121 [main] DEBUG c.m.exception.GlobalExceptionHandler - 业务异常 [DELETE] /api/admin/posts/1 -> 未登录或登录状态已失效
2026-09-11 20:32:11.124 [main] DEBUG c.m.exception.GlobalExceptionHandler - 业务异常 [GET] /api/admin/comments -> 未登录或登录状态已失效
2026-09-11 20:32:11.125 [main] DEBUG c.m.exception.GlobalExceptionHandler - 业务异常 [DELETE] /api/admin/comments/1 -> 未登录或登录状态已失效
2026-09-11 20:32:11.126 [main] DEBUG c.m.exception.GlobalExceptionHandler - 业务异常 [GET] /api/admin/reports -> 未登录或登录状态已失效
2026-09-11 20:32:11.127 [main] DEBUG c.m.exception.GlobalExceptionHandler - 业务异常 [PUT] /api/admin/reports/1/handle -> 未登录或登录状态已失效
2026-09-11 20:32:11.129 [main] DEBUG c.m.exception.GlobalExceptionHandler - 业务异常 [GET] /api/admin/logs -> 未登录或登录状态已失效
2026-09-11 20:32:11.205 [main] INFO  c.miqu.service.impl.AuthServiceImpl - 用户登录成功: userId=1, username=admin
2026-09-11 20:32:11.257 [main] INFO  o.s.t.c.s.AnnotationConfigContextLoaderUtils - Could not detect default configuration classes for test class [com.miqu.admin.AdminContentControllerTest]: AdminContentControllerTest does not declare any static, non-private, non-final, nested classes annotated with @Configuration.
2026-09-11 20:32:11.261 [main] INFO  o.s.b.t.c.SpringBootTestContextBootstrapper - Found @SpringBootConfiguration com.miqu.MiquApplication for test class com.miqu.admin.AdminContentControllerTest
2026-09-11 20:32:11.347 [main] INFO  c.miqu.service.impl.AuthServiceImpl - 用户登录成功: userId=1, username=admin
2026-09-11 20:32:11.363 [main] DEBUG c.m.exception.GlobalExceptionHandler - 业务异常 [DELETE] /api/admin/posts/999999 -> 动态不存在或已被删除
2026-09-11 20:32:11.438 [main] INFO  c.miqu.service.impl.AuthServiceImpl - 用户登录成功: userId=1, username=admin
2026-09-11 20:32:11.761 [main] INFO  c.miqu.service.impl.AuthServiceImpl - 用户登录成功: userId=1, username=admin
2026-09-11 20:32:11.896 [main] INFO  c.miqu.service.impl.AuthServiceImpl - 用户登录成功: userId=1, username=admin
2026-09-11 20:32:12.011 [main] INFO  c.miqu.service.impl.AuthServiceImpl - 用户登录成功: userId=1, username=admin
2026-09-11 20:32:12.177 [main] INFO  c.miqu.service.impl.AuthServiceImpl - 用户登录成功: userId=1, username=admin
2026-09-11 20:32:12.190 [main] DEBUG c.m.exception.GlobalExceptionHandler - 业务异常 [DELETE] /api/admin/comments/999999 -> 评论不存在或已被删除
2026-09-11 20:32:12.264 [main] INFO  c.miqu.service.impl.AuthServiceImpl - 用户登录成功: userId=1, username=admin
2026-09-11 20:32:12.411 [main] INFO  c.miqu.service.impl.AuthServiceImpl - 用户登录成功: userId=1, username=admin
2026-09-11 20:32:12.494 [main] INFO  c.miqu.service.impl.AuthServiceImpl - 用户登录成功: userId=1, username=admin
2026-09-11 20:32:12.544 [main] INFO  c.m.service.impl.CommentServiceImpl - 删除评论: commentId=1, postId=1, operatorId=1, 管理员=true
2026-09-11 20:32:12.550 [main] INFO  c.m.service.impl.AdminLogServiceImpl - 管理员操作: adminId=1, type=DELETE_COMMENT, target=(3, 1), ip=127.0.0.1
2026-09-11 20:32:12.642 [main] INFO  c.miqu.service.impl.AuthServiceImpl - 用户登录成功: userId=1, username=admin
2026-09-11 20:32:12.729 [main] INFO  c.miqu.service.impl.AuthServiceImpl - 用户登录成功: userId=1, username=admin
2026-09-11 20:32:12.827 [main] INFO  c.miqu.service.impl.AuthServiceImpl - 用户登录成功: userId=1, username=admin
2026-09-11 20:32:12.910 [main] INFO  c.miqu.service.impl.AuthServiceImpl - 用户登录成功: userId=1, username=admin
2026-09-11 20:32:12.952 [main] INFO  c.miqu.service.impl.PostServiceImpl - 删除动态: postId=1, operatorId=1, 作者=2, 管理员=true
2026-09-11 20:32:12.953 [main] INFO  c.m.service.impl.AdminLogServiceImpl - 管理员操作: adminId=1, type=DELETE_POST, target=(2, 1), ip=127.0.0.1
2026-09-11 20:32:12.955 [main] DEBUG c.m.exception.GlobalExceptionHandler - 业务异常 [GET] /api/posts/1 -> 动态不存在或已被删除
2026-09-11 20:32:12.970 [main] INFO  o.s.t.c.s.AnnotationConfigContextLoaderUtils - Could not detect default configuration classes for test class [com.miqu.admin.AdminReportControllerTest]: AdminReportControllerTest does not declare any static, non-private, non-final, nested classes annotated with @Configuration.
2026-09-11 20:32:12.974 [main] INFO  o.s.b.t.c.SpringBootTestContextBootstrapper - Found @SpringBootConfiguration com.miqu.MiquApplication for test class com.miqu.admin.AdminReportControllerTest
2026-09-11 20:32:13.054 [main] INFO  c.miqu.service.impl.AuthServiceImpl - 用户登录成功: userId=1, username=admin
2026-09-11 20:32:13.120 [main] INFO  c.miqu.service.impl.AuthServiceImpl - 用户登录成功: userId=2, username=test001
2026-09-11 20:32:13.139 [main] INFO  c.miqu.service.impl.PostServiceImpl - 删除动态: postId=1, operatorId=2, 作者=2, 管理员=false
2026-09-11 20:32:13.184 [main] INFO  c.miqu.service.impl.PostServiceImpl - 删除动态: postId=11, operatorId=1, 作者=19, 管理员=true
2026-09-11 20:32:13.186 [main] INFO  c.m.service.impl.AdminLogServiceImpl - 管理员操作: adminId=1, type=DELETE_POST, target=(2, 11), ip=127.0.0.1
2026-09-11 20:32:13.206 [main] INFO  c.m.service.impl.ReportServiceImpl - 举报的后置处置未执行（目标已不存在）: action=DELETE_POST, targetId=11, 原因=动态不存在或已被删除
2026-09-11 20:32:13.221 [main] INFO  c.m.service.impl.AdminLogServiceImpl - 管理员操作: adminId=1, type=HANDLE_REPORT, target=(4, 1), ip=127.0.0.1
2026-09-11 20:32:13.221 [main] INFO  c.m.service.impl.ReportServiceImpl - 处理举报: reportId=1, adminId=1, status=1, action=DELETE_POST
2026-09-11 20:32:13.314 [main] INFO  c.miqu.service.impl.AuthServiceImpl - 用户登录成功: userId=1, username=admin
2026-09-11 20:32:13.411 [main] INFO  c.miqu.service.impl.AuthServiceImpl - 用户登录成功: userId=1, username=admin
2026-09-11 20:32:13.438 [main] INFO  c.m.service.impl.CommentServiceImpl - 删除评论: commentId=20, postId=7, operatorId=1, 管理员=true
2026-09-11 20:32:13.439 [main] INFO  c.m.service.impl.AdminLogServiceImpl - 管理员操作: adminId=1, type=HANDLE_REPORT, target=(4, 3), ip=127.0.0.1
2026-09-11 20:32:13.441 [main] INFO  c.m.service.impl.ReportServiceImpl - 处理举报: reportId=3, adminId=1, status=1, action=DELETE_COMMENT
2026-09-11 20:32:13.528 [main] INFO  c.miqu.service.impl.AuthServiceImpl - 用户登录成功: userId=1, username=admin
2026-09-11 20:32:13.552 [main] INFO  c.m.service.impl.AdminLogServiceImpl - 管理员操作: adminId=1, type=HANDLE_REPORT, target=(4, 1), ip=127.0.0.1
2026-09-11 20:32:13.552 [main] INFO  c.m.service.impl.ReportServiceImpl - 处理举报: reportId=1, adminId=1, status=1, action=NONE
2026-09-11 20:32:13.560 [main] DEBUG c.m.exception.GlobalExceptionHandler - 业务异常 [PUT] /api/admin/reports/1/handle -> 该举报已被处理
2026-09-11 20:32:13.639 [main] INFO  c.miqu.service.impl.AuthServiceImpl - 用户登录成功: userId=1, username=admin
2026-09-11 20:32:13.645 [main] DEBUG c.m.exception.GlobalExceptionHandler - 业务异常 [PUT] /api/admin/reports/2/handle -> 该举报已被处理
2026-09-11 20:32:13.724 [main] INFO  c.miqu.service.impl.AuthServiceImpl - 用户登录成功: userId=1, username=admin
2026-09-11 20:32:13.827 [main] INFO  c.miqu.service.impl.AuthServiceImpl - 用户登录成功: userId=1, username=admin
2026-09-11 20:32:13.916 [main] INFO  c.miqu.service.impl.AuthServiceImpl - 用户登录成功: userId=2, username=test001
2026-09-11 20:32:13.941 [main] INFO  c.m.service.impl.ReportServiceImpl - 提交举报: reportId=20, reporterId=2, target=(1, 15)
2026-09-11 20:32:13.958 [main] INFO  c.miqu.service.impl.UserServiceImpl - 修改用户状态: targetUserId=15, status=0, operatorId=1
2026-09-11 20:32:13.963 [main] INFO  c.m.service.impl.AdminLogServiceImpl - 管理员操作: adminId=1, type=HANDLE_REPORT, target=(4, 20), ip=127.0.0.1
2026-09-11 20:32:13.963 [main] INFO  c.m.service.impl.ReportServiceImpl - 处理举报: reportId=20, adminId=1, status=1, action=DISABLE_USER
2026-09-11 20:32:14.040 [main] INFO  c.miqu.service.impl.AuthServiceImpl - 登录失败: userId=15, 原因=账号已禁用
2026-09-11 20:32:14.040 [main] DEBUG c.m.exception.GlobalExceptionHandler - 业务异常 [POST] /api/auth/login -> 账号已被禁用，请联系管理员
2026-09-11 20:32:14.133 [main] INFO  c.miqu.service.impl.AuthServiceImpl - 用户登录成功: userId=1, username=admin
2026-09-11 20:32:14.140 [main] DEBUG c.m.exception.GlobalExceptionHandler - 业务异常 [PUT] /api/admin/reports/1/handle -> 不支持的处置动作
2026-09-11 20:32:14.231 [main] INFO  c.miqu.service.impl.AuthServiceImpl - 用户登录成功: userId=1, username=admin
2026-09-11 20:32:14.240 [main] DEBUG c.m.exception.GlobalExceptionHandler - 业务异常 [PUT] /api/admin/reports/1/handle -> 驳回举报时不能同时执行处置动作
2026-09-11 20:32:14.315 [main] INFO  c.miqu.service.impl.AuthServiceImpl - 用户登录成功: userId=1, username=admin
2026-09-11 20:32:14.394 [main] INFO  c.miqu.service.impl.AuthServiceImpl - 用户登录成功: userId=1, username=admin
2026-09-11 20:32:14.400 [main] DEBUG c.m.exception.GlobalExceptionHandler - 业务异常 [PUT] /api/admin/reports/3/handle -> 处置动作与举报目标类型不匹配
2026-09-11 20:32:14.472 [main] INFO  c.miqu.service.impl.AuthServiceImpl - 用户登录成功: userId=1, username=admin
2026-09-11 20:32:14.477 [main] DEBUG c.m.exception.GlobalExceptionHandler - 业务异常 [PUT] /api/admin/reports/999999/handle -> 举报不存在
2026-09-11 20:32:14.549 [main] INFO  c.miqu.service.impl.AuthServiceImpl - 用户登录成功: userId=1, username=admin
2026-09-11 20:32:14.626 [main] INFO  c.miqu.service.impl.AuthServiceImpl - 用户登录成功: userId=1, username=admin
2026-09-11 20:32:14.636 [main] INFO  c.m.service.impl.AdminLogServiceImpl - 管理员操作: adminId=1, type=HANDLE_REPORT, target=(4, 1), ip=127.0.0.1
2026-09-11 20:32:14.636 [main] INFO  c.m.service.impl.ReportServiceImpl - 处理举报: reportId=1, adminId=1, status=2, action=NONE
2026-09-11 20:32:14.714 [main] INFO  c.miqu.service.impl.AuthServiceImpl - 用户登录成功: userId=1, username=admin
2026-09-11 20:32:14.804 [main] INFO  c.miqu.service.impl.AuthServiceImpl - 用户登录成功: userId=1, username=admin
2026-09-11 20:32:14.813 [main] INFO  c.m.service.impl.AdminLogServiceImpl - 管理员操作: adminId=1, type=HANDLE_REPORT, target=(4, 1), ip=127.0.0.1
2026-09-11 20:32:14.813 [main] INFO  c.m.service.impl.ReportServiceImpl - 处理举报: reportId=1, adminId=1, status=1, action=NONE
2026-09-11 20:32:14.890 [main] INFO  c.miqu.service.impl.AuthServiceImpl - 用户登录成功: userId=1, username=admin
2026-09-11 20:32:14.931 [main] INFO  c.miqu.service.impl.PostServiceImpl - 删除动态: postId=11, operatorId=1, 作者=19, 管理员=true
2026-09-11 20:32:14.934 [main] INFO  c.m.service.impl.AdminLogServiceImpl - 管理员操作: adminId=1, type=HANDLE_REPORT, target=(4, 1), ip=127.0.0.1
2026-09-11 20:32:14.934 [main] INFO  c.m.service.impl.ReportServiceImpl - 处理举报: reportId=1, adminId=1, status=1, action=DELETE_POST
2026-09-11 20:32:14.938 [main] DEBUG c.m.exception.GlobalExceptionHandler - 业务异常 [GET] /api/posts/11 -> 动态不存在或已被删除
2026-09-11 20:32:15.030 [main] INFO  c.miqu.service.impl.AuthServiceImpl - 用户登录成功: userId=1, username=admin
2026-09-11 20:32:15.077 [main] INFO  o.s.t.c.s.AnnotationConfigContextLoaderUtils - Could not detect default configuration classes for test class [com.miqu.admin.AdminStatsControllerTest]: AdminStatsControllerTest does not declare any static, non-private, non-final, nested classes annotated with @Configuration.
2026-09-11 20:32:15.084 [main] INFO  o.s.b.t.c.SpringBootTestContextBootstrapper - Found @SpringBootConfiguration com.miqu.MiquApplication for test class com.miqu.admin.AdminStatsControllerTest
2026-09-11 20:32:15.153 [main] INFO  c.miqu.service.impl.AuthServiceImpl - 用户登录成功: userId=1, username=admin
2026-09-11 20:32:15.186 [main] INFO  c.miqu.service.impl.PostServiceImpl - 删除动态: postId=3, operatorId=1, 作者=4, 管理员=true
2026-09-11 20:32:15.189 [main] INFO  c.m.service.impl.AdminLogServiceImpl - 管理员操作: adminId=1, type=DELETE_POST, target=(2, 3), ip=127.0.0.1
2026-09-11 20:32:15.274 [main] INFO  c.miqu.service.impl.AuthServiceImpl - 用户登录成功: userId=1, username=admin
2026-09-11 20:32:15.367 [main] INFO  c.miqu.service.impl.AuthServiceImpl - 用户登录成功: userId=1, username=admin
2026-09-11 20:32:15.445 [main] INFO  c.miqu.service.impl.AuthServiceImpl - 用户登录成功: userId=1, username=admin
2026-09-11 20:32:15.522 [main] INFO  c.miqu.service.impl.AuthServiceImpl - 用户登录成功: userId=1, username=admin
2026-09-11 20:32:15.650 [main] INFO  c.miqu.service.impl.AuthServiceImpl - 用户注册成功: userId=28, username=statstest
2026-09-11 20:32:15.735 [main] INFO  c.miqu.service.impl.AuthServiceImpl - 用户登录成功: userId=1, username=admin
2026-09-11 20:32:15.795 [main] INFO  c.miqu.service.impl.AuthServiceImpl - 用户登录成功: userId=3, username=test002
2026-09-11 20:32:15.815 [main] DEBUG c.m.s.impl.NotificationServiceImpl - 生成通知: type=3, receiverId=2, actorId=3, postId=1
2026-09-11 20:32:15.816 [main] INFO  c.m.service.impl.CommentServiceImpl - 发表评论: commentId=143, postId=1, userId=3
2026-09-11 20:32:15.907 [main] INFO  c.miqu.service.impl.AuthServiceImpl - 用户登录成功: userId=1, username=admin
2026-09-11 20:32:15.916 [main] INFO  c.m.service.impl.AdminLogServiceImpl - 管理员操作: adminId=1, type=HANDLE_REPORT, target=(4, 1), ip=127.0.0.1
2026-09-11 20:32:15.916 [main] INFO  c.m.service.impl.ReportServiceImpl - 处理举报: reportId=1, adminId=1, status=1, action=NONE
2026-09-11 20:32:16.001 [main] INFO  c.miqu.service.impl.AuthServiceImpl - 用户登录成功: userId=1, username=admin
2026-09-11 20:32:16.079 [main] INFO  c.miqu.service.impl.AuthServiceImpl - 用户登录成功: userId=1, username=admin
2026-09-11 20:32:16.097 [main] INFO  o.s.t.c.s.AnnotationConfigContextLoaderUtils - Could not detect default configuration classes for test class [com.miqu.admin.AdminUserControllerTest]: AdminUserControllerTest does not declare any static, non-private, non-final, nested classes annotated with @Configuration.
2026-09-11 20:32:16.099 [main] INFO  o.s.b.t.c.SpringBootTestContextBootstrapper - Found @SpringBootConfiguration com.miqu.MiquApplication for test class com.miqu.admin.AdminUserControllerTest
2026-09-11 20:32:16.173 [main] INFO  c.miqu.service.impl.AuthServiceImpl - 用户登录成功: userId=1, username=admin
2026-09-11 20:32:16.252 [main] INFO  c.miqu.service.impl.AuthServiceImpl - 用户登录成功: userId=1, username=admin
2026-09-11 20:32:16.334 [main] INFO  c.miqu.service.impl.AuthServiceImpl - 用户登录成功: userId=1, username=admin
2026-09-11 20:32:16.412 [main] INFO  c.miqu.service.impl.AuthServiceImpl - 用户登录成功: userId=1, username=admin
2026-09-11 20:32:16.417 [main] DEBUG c.m.exception.GlobalExceptionHandler - 业务异常 [GET] /api/admin/users/999999 -> 用户不存在
2026-09-11 20:32:16.489 [main] INFO  c.miqu.service.impl.AuthServiceImpl - 用户登录成功: userId=1, username=admin
2026-09-11 20:32:16.567 [main] INFO  c.miqu.service.impl.AuthServiceImpl - 用户登录成功: userId=1, username=admin
2026-09-11 20:32:16.647 [main] INFO  c.miqu.service.impl.AuthServiceImpl - 用户登录成功: userId=1, username=admin
2026-09-11 20:32:16.741 [main] INFO  c.miqu.service.impl.AuthServiceImpl - 用户登录成功: userId=1, username=admin
2026-09-11 20:32:16.749 [main] INFO  c.miqu.service.impl.UserServiceImpl - 修改用户状态: targetUserId=4, status=0, operatorId=1
2026-09-11 20:32:16.751 [main] INFO  c.m.service.impl.AdminLogServiceImpl - 管理员操作: adminId=1, type=DISABLE_USER, target=(1, 4), ip=127.0.0.1
2026-09-11 20:32:16.829 [main] INFO  c.miqu.service.impl.AuthServiceImpl - 用户登录成功: userId=4, username=test003
2026-09-11 20:32:16.883 [main] INFO  c.miqu.service.impl.AuthServiceImpl - 用户登录成功: userId=1, username=admin
2026-09-11 20:32:16.889 [main] INFO  c.miqu.service.impl.UserServiceImpl - 修改用户状态: targetUserId=4, status=0, operatorId=1
2026-09-11 20:32:16.890 [main] INFO  c.m.service.impl.AdminLogServiceImpl - 管理员操作: adminId=1, type=DISABLE_USER, target=(1, 4), ip=127.0.0.1
2026-09-11 20:32:16.893 [main] DEBUG c.m.exception.GlobalExceptionHandler - 业务异常 [GET] /api/users/me -> 账号已被禁用，请联系管理员
2026-09-11 20:32:16.964 [main] INFO  c.miqu.service.impl.AuthServiceImpl - 登录失败: userId=4, 原因=账号已禁用
2026-09-11 20:32:16.965 [main] DEBUG c.m.exception.GlobalExceptionHandler - 业务异常 [POST] /api/auth/login -> 账号已被禁用，请联系管理员
2026-09-11 20:32:17.040 [main] INFO  c.miqu.service.impl.AuthServiceImpl - 用户登录成功: userId=1, username=admin
2026-09-11 20:32:17.045 [main] DEBUG c.m.exception.GlobalExceptionHandler - 业务异常 [PUT] /api/admin/users/1/status -> 不能对自己执行该操作
2026-09-11 20:32:17.114 [main] INFO  c.miqu.service.impl.AuthServiceImpl - 用户登录成功: userId=1, username=admin
2026-09-11 20:32:17.195 [main] INFO  c.miqu.service.impl.AuthServiceImpl - 用户登录成功: userId=1, username=admin
2026-09-11 20:32:17.202 [main] INFO  c.miqu.service.impl.UserServiceImpl - 修改用户状态: targetUserId=12, status=1, operatorId=1
2026-09-11 20:32:17.205 [main] INFO  c.m.service.impl.AdminLogServiceImpl - 管理员操作: adminId=1, type=ENABLE_USER, target=(1, 12), ip=127.0.0.1
2026-09-11 20:32:17.270 [main] INFO  c.miqu.service.impl.AuthServiceImpl - 用户登录成功: userId=12, username=banned001
2026-09-11 20:32:17.336 [main] INFO  c.miqu.service.impl.AuthServiceImpl - 用户登录成功: userId=1, username=admin
2026-09-11 20:32:17.341 [main] DEBUG c.m.exception.GlobalExceptionHandler - 业务异常 [PUT] /api/admin/users/999999/status -> 用户不存在
2026-09-11 20:32:17.412 [main] INFO  c.miqu.service.impl.AuthServiceImpl - 用户登录成功: userId=1, username=admin
2026-09-11 20:32:17.434 [main] INFO  o.s.t.c.s.AnnotationConfigContextLoaderUtils - Could not detect default configuration classes for test class [com.miqu.auth.AuthControllerTest]: AuthControllerTest does not declare any static, non-private, non-final, nested classes annotated with @Configuration.
2026-09-11 20:32:17.473 [main] INFO  o.s.b.t.c.SpringBootTestContextBootstrapper - Found @SpringBootConfiguration com.miqu.MiquApplication for test class com.miqu.auth.AuthControllerTest
2026-09-11 20:32:17.495 [main] INFO  c.miqu.service.impl.AuthServiceImpl - 登录失败: username=deleted001, 原因=凭证不匹配
2026-09-11 20:32:17.495 [main] DEBUG c.m.exception.GlobalExceptionHandler - 业务异常 [POST] /api/auth/login -> 用户名或密码错误
2026-09-11 20:32:17.560 [main] INFO  c.miqu.service.impl.AuthServiceImpl - 登录失败: userId=12, 原因=账号已禁用
2026-09-11 20:32:17.560 [main] DEBUG c.m.exception.GlobalExceptionHandler - 业务异常 [POST] /api/auth/login -> 账号已被禁用，请联系管理员
2026-09-11 20:32:17.566 [main] INFO  c.miqu.service.impl.AuthServiceImpl - 登录失败: username=nosuchuser, 原因=凭证不匹配
2026-09-11 20:32:17.566 [main] DEBUG c.m.exception.GlobalExceptionHandler - 业务异常 [POST] /api/auth/login -> 用户名或密码错误
2026-09-11 20:32:17.640 [main] INFO  c.miqu.service.impl.AuthServiceImpl - 用户登录成功: userId=2, username=test001
2026-09-11 20:32:17.647 [main] DEBUG c.m.exception.GlobalExceptionHandler - 业务异常 [POST] /api/auth/logout -> 未登录或登录状态已失效
2026-09-11 20:32:17.723 [main] INFO  c.miqu.service.impl.AuthServiceImpl - 用户注册成功: userId=29, username=newuser001
2026-09-11 20:32:17.741 [main] DEBUG c.m.exception.GlobalExceptionHandler - 业务异常 [POST] /api/auth/register -> 邮箱已被注册
2026-09-11 20:32:17.809 [main] INFO  c.miqu.service.impl.AuthServiceImpl - 用户注册成功: userId=30, username=newuser002
2026-09-11 20:32:17.869 [main] INFO  c.miqu.service.impl.AuthServiceImpl - 登录失败: username=test001, 原因=凭证不匹配
2026-09-11 20:32:17.870 [main] DEBUG c.m.exception.GlobalExceptionHandler - 业务异常 [POST] /api/auth/login -> 用户名或密码错误
2026-09-11 20:32:17.876 [main] DEBUG c.m.exception.GlobalExceptionHandler - 业务异常 [POST] /api/auth/register -> 邮箱已被注册
2026-09-11 20:32:17.948 [main] INFO  c.miqu.service.impl.AuthServiceImpl - 用户登录成功: userId=2, username=test001
2026-09-11 20:32:17.951 [main] INFO  com.miqu.controller.AuthController - 用户退出登录: userId=2
2026-09-11 20:32:17.976 [main] DEBUG c.m.exception.GlobalExceptionHandler - 业务异常 [POST] /api/auth/register -> 用户名已被占用
2026-09-11 20:32:17.980 [main] INFO  o.s.t.c.s.AnnotationConfigContextLoaderUtils - Could not detect default configuration classes for test class [com.miqu.comment.CommentControllerTest]: CommentControllerTest does not declare any static, non-private, non-final, nested classes annotated with @Configuration.
2026-09-11 20:32:18.011 [main] INFO  o.s.b.t.c.SpringBootTestContextBootstrapper - Found @SpringBootConfiguration com.miqu.MiquApplication for test class com.miqu.comment.CommentControllerTest
2026-09-11 20:32:18.071 [main] INFO  c.miqu.service.impl.AuthServiceImpl - 用户登录成功: userId=3, username=test002
2026-09-11 20:32:18.079 [main] DEBUG c.m.s.impl.NotificationServiceImpl - 生成通知: type=3, receiverId=2, actorId=3, postId=1
2026-09-11 20:32:18.079 [main] INFO  c.m.service.impl.CommentServiceImpl - 发表评论: commentId=144, postId=1, userId=3
2026-09-11 20:32:18.087 [main] DEBUG c.m.exception.GlobalExceptionHandler - 业务异常 [DELETE] /api/comments/1 -> 未登录或登录状态已失效
2026-09-11 20:32:18.202 [main] INFO  c.miqu.service.impl.AuthServiceImpl - 用户登录成功: userId=3, username=test002
2026-09-11 20:32:18.279 [main] INFO  c.miqu.service.impl.AuthServiceImpl - 用户登录成功: userId=1, username=admin
2026-09-11 20:32:18.292 [main] INFO  c.m.service.impl.CommentServiceImpl - 删除评论: commentId=1, postId=1, operatorId=1, 管理员=true
2026-09-11 20:32:18.372 [main] INFO  c.miqu.service.impl.AuthServiceImpl - 用户登录成功: userId=3, username=test002
2026-09-11 20:32:18.382 [main] INFO  c.m.service.impl.CommentServiceImpl - 删除评论: commentId=1, postId=1, operatorId=3, 管理员=false
2026-09-11 20:32:18.385 [main] DEBUG c.m.exception.GlobalExceptionHandler - 业务异常 [DELETE] /api/comments/1 -> 评论不存在或已被删除
2026-09-11 20:32:18.448 [main] INFO  c.miqu.service.impl.AuthServiceImpl - 用户登录成功: userId=2, username=test001
2026-09-11 20:32:18.454 [main] DEBUG c.m.exception.GlobalExceptionHandler - 业务异常 [DELETE] /api/comments/1 -> 无权限执行该操作
2026-09-11 20:32:18.523 [main] INFO  c.miqu.service.impl.AuthServiceImpl - 用户登录成功: userId=3, username=test002
2026-09-11 20:32:18.528 [main] DEBUG c.m.exception.GlobalExceptionHandler - 业务异常 [POST] /api/posts/999999/comments -> 动态不存在或已被删除
2026-09-11 20:32:18.633 [main] INFO  c.miqu.service.impl.AuthServiceImpl - 用户登录成功: userId=3, username=test002
2026-09-11 20:32:18.650 [main] INFO  c.m.service.impl.CommentServiceImpl - 删除评论: commentId=1, postId=1, operatorId=3, 管理员=false
2026-09-11 20:32:18.669 [main] DEBUG c.m.exception.GlobalExceptionHandler - 业务异常 [GET] /api/posts/999999/comments -> 动态不存在或已被删除
2026-09-11 20:32:18.740 [main] INFO  c.miqu.service.impl.AuthServiceImpl - 用户登录成功: userId=3, username=test002
2026-09-11 20:32:18.761 [main] DEBUG c.m.exception.GlobalExceptionHandler - 业务异常 [POST] /api/posts/1/comments -> 未登录或登录状态已失效
2026-09-11 20:32:18.827 [main] INFO  c.miqu.service.impl.AuthServiceImpl - 用户登录成功: userId=3, username=test002
2026-09-11 20:32:18.832 [main] DEBUG c.m.exception.GlobalExceptionHandler - 业务异常 [DELETE] /api/comments/999999 -> 评论不存在或已被删除
2026-09-11 20:32:18.900 [main] INFO  c.miqu.service.impl.AuthServiceImpl - 用户登录成功: userId=2, username=test001
2026-09-11 20:32:18.908 [main] INFO  c.m.service.impl.CommentServiceImpl - 发表评论: commentId=145, postId=1, userId=2
2026-09-11 20:32:18.974 [main] INFO  c.miqu.service.impl.AuthServiceImpl - 用户登录成功: userId=3, username=test002
2026-09-11 20:32:18.989 [main] DEBUG c.m.s.impl.NotificationServiceImpl - 生成通知: type=3, receiverId=2, actorId=3, postId=1
2026-09-11 20:32:18.989 [main] INFO  c.m.service.impl.CommentServiceImpl - 发表评论: commentId=146, postId=1, userId=3
2026-09-11 20:32:19.097 [main] INFO  c.miqu.service.impl.AuthServiceImpl - 用户登录成功: userId=3, username=test002
2026-09-11 20:32:19.105 [main] DEBUG c.m.s.impl.NotificationServiceImpl - 生成通知: type=3, receiverId=2, actorId=3, postId=1
2026-09-11 20:32:19.105 [main] INFO  c.m.service.impl.CommentServiceImpl - 发表评论: commentId=147, postId=1, userId=3
2026-09-11 20:32:19.183 [main] INFO  c.miqu.service.impl.AuthServiceImpl - 用户登录成功: userId=3, username=test002
2026-09-11 20:32:19.191 [main] INFO  o.s.t.c.s.AnnotationConfigContextLoaderUtils - Could not detect default configuration classes for test class [com.miqu.common.EntitySchemaConsistencyTest]: EntitySchemaConsistencyTest does not declare any static, non-private, non-final, nested classes annotated with @Configuration.
2026-09-11 20:32:19.223 [main] INFO  o.s.b.t.c.SpringBootTestContextBootstrapper - Found @SpringBootConfiguration com.miqu.MiquApplication for test class com.miqu.common.EntitySchemaConsistencyTest
2026-09-11 20:32:19.282 [main] INFO  c.m.c.EntitySchemaConsistencyTest - Starting EntitySchemaConsistencyTest using Java 21.0.11 with PID 13692 (started by 张志鹏 in D:\Projects\Miqu\backend)
2026-09-11 20:32:19.283 [main] DEBUG c.m.c.EntitySchemaConsistencyTest - Running with Spring Boot v3.4.7, Spring v6.2.8
2026-09-11 20:32:19.283 [main] INFO  c.m.c.EntitySchemaConsistencyTest - No active profile set, falling back to 1 default profile: "default"
2026-09-11 20:32:20.148 [main] WARN  o.s.w.s.r.ResourceHandlerUtils - Appended trailing slash to static resource location: file:///D:/Projects/Miqu/backend/uploads/
2026-09-11 20:32:20.200 [main] INFO  c.m.c.EntitySchemaConsistencyTest - Started EntitySchemaConsistencyTest in 0.972 seconds (process running for 14.857)
2026-09-11 20:32:20.203 [main] INFO  com.zaxxer.hikari.HikariDataSource - MiquHikariPool - Starting...
2026-09-11 20:32:20.211 [main] INFO  com.zaxxer.hikari.pool.HikariPool - MiquHikariPool - Added connection com.mysql.cj.jdbc.ConnectionImpl@58e46572
2026-09-11 20:32:20.211 [main] INFO  com.zaxxer.hikari.HikariDataSource - MiquHikariPool - Start completed.
2026-09-11 20:32:20.463 [main] INFO  o.s.t.c.s.AnnotationConfigContextLoaderUtils - Could not detect default configuration classes for test class [com.miqu.common.ResponseSerializationTest]: ResponseSerializationTest does not declare any static, non-private, non-final, nested classes annotated with @Configuration.
2026-09-11 20:32:20.466 [main] INFO  o.s.b.t.c.SpringBootTestContextBootstrapper - Found @SpringBootConfiguration com.miqu.MiquApplication for test class com.miqu.common.ResponseSerializationTest
2026-09-11 20:32:20.590 [main] INFO  c.miqu.service.impl.AuthServiceImpl - 用户登录成功: userId=2, username=test001
2026-09-11 20:32:20.677 [main] INFO  c.miqu.service.impl.AuthServiceImpl - 用户登录成功: userId=2, username=test001
2026-09-11 20:32:20.690 [main] DEBUG c.m.s.impl.NotificationServiceImpl - 生成通知: type=1, receiverId=9, actorId=2, postId=null
2026-09-11 20:32:20.690 [main] INFO  c.m.service.impl.FollowServiceImpl - 关注成功: followerId=2, followingId=9
2026-09-11 20:32:20.704 [main] INFO  c.miqu.service.impl.PostServiceImpl - 发布动态: postId=73, userId=2, imageCount=0
2026-09-11 20:32:20.719 [main] INFO  c.miqu.service.impl.PostServiceImpl - 点赞: postId=73, userId=2
2026-09-11 20:32:21.871 [main] ERROR c.miqu.controller.HealthController - 健康检查：数据库连接失败 - Access denied for user 'root'@'localhost'
2026-09-11 20:32:21.901 [main] ERROR c.miqu.controller.HealthController - 健康检查：数据库连接失败 - Access denied for user 'root'@'localhost' (using password: NO)
2026-09-11 20:32:22.236 [main] INFO  o.s.t.c.s.AnnotationConfigContextLoaderUtils - Could not detect default configuration classes for test class [com.miqu.follow.FollowControllerTest]: FollowControllerTest does not declare any static, non-private, non-final, nested classes annotated with @Configuration.
2026-09-11 20:32:22.319 [main] INFO  o.s.b.t.c.SpringBootTestContextBootstrapper - Found @SpringBootConfiguration com.miqu.MiquApplication for test class com.miqu.follow.FollowControllerTest
2026-09-11 20:32:22.480 [main] INFO  c.miqu.service.impl.AuthServiceImpl - 用户登录成功: userId=2, username=test001
2026-09-11 20:32:22.726 [main] INFO  c.miqu.service.impl.AuthServiceImpl - 用户登录成功: userId=2, username=test001
2026-09-11 20:32:22.781 [main] DEBUG c.m.exception.GlobalExceptionHandler - 业务异常 [POST] /api/users/9/follow -> 未登录或登录状态已失效
2026-09-11 20:32:22.798 [main] DEBUG c.m.exception.GlobalExceptionHandler - 业务异常 [DELETE] /api/users/4/follow -> 未登录或登录状态已失效
2026-09-11 20:32:22.892 [main] INFO  c.miqu.service.impl.AuthServiceImpl - 用户登录成功: userId=2, username=test001
2026-09-11 20:32:23.137 [main] INFO  c.miqu.service.impl.AuthServiceImpl - 用户登录成功: userId=2, username=test001
2026-09-11 20:32:23.165 [main] DEBUG c.m.s.impl.NotificationServiceImpl - 生成通知: type=1, receiverId=9, actorId=2, postId=null
2026-09-11 20:32:23.166 [main] INFO  c.m.service.impl.FollowServiceImpl - 关注成功: followerId=2, followingId=9
2026-09-11 20:32:23.259 [main] INFO  c.miqu.service.impl.AuthServiceImpl - 用户登录成功: userId=2, username=test001
2026-09-11 20:32:23.270 [main] DEBUG c.m.exception.GlobalExceptionHandler - 业务异常 [POST] /api/users/13/follow -> 用户不存在
2026-09-11 20:32:23.353 [main] INFO  c.miqu.service.impl.AuthServiceImpl - 用户登录成功: userId=2, username=test001
2026-09-11 20:32:23.415 [main] DEBUG c.m.exception.GlobalExceptionHandler - 业务异常 [GET] /api/users/999999/following -> 用户不存在
2026-09-11 20:32:23.430 [main] DEBUG c.m.exception.GlobalExceptionHandler - 业务异常 [GET] /api/users/me -> 未登录或登录状态已失效
2026-09-11 20:32:23.510 [main] INFO  c.miqu.service.impl.AuthServiceImpl - 用户登录成功: userId=2, username=test001
2026-09-11 20:32:23.558 [main] INFO  c.m.service.impl.FollowServiceImpl - 取消关注: followerId=2, followingId=4
2026-09-11 20:32:23.581 [main] DEBUG c.m.s.impl.NotificationServiceImpl - 生成通知: type=1, receiverId=4, actorId=2, postId=null
2026-09-11 20:32:23.581 [main] INFO  c.m.service.impl.FollowServiceImpl - 关注成功: followerId=2, followingId=4
2026-09-11 20:32:23.677 [main] INFO  c.miqu.service.impl.AuthServiceImpl - 用户登录成功: userId=2, username=test001
2026-09-11 20:32:23.711 [main] INFO  c.m.service.impl.FollowServiceImpl - 取消关注: followerId=2, followingId=4
2026-09-11 20:32:23.798 [main] INFO  c.miqu.service.impl.AuthServiceImpl - 用户登录成功: userId=2, username=test001
2026-09-11 20:32:23.805 [main] DEBUG c.m.exception.GlobalExceptionHandler - 业务异常 [POST] /api/users/12/follow -> 账号已被禁用，请联系管理员
2026-09-11 20:32:23.874 [main] DEBUG c.m.exception.GlobalExceptionHandler - 业务异常 [GET] /api/users/13 -> 用户不存在
2026-09-11 20:32:23.968 [main] INFO  c.miqu.service.impl.AuthServiceImpl - 用户登录成功: userId=2, username=test001
2026-09-11 20:32:23.979 [main] DEBUG c.m.exception.GlobalExceptionHandler - 业务异常 [POST] /api/users/3/follow -> 已经关注过该用户
2026-09-11 20:32:24.061 [main] INFO  c.miqu.service.impl.AuthServiceImpl - 用户登录成功: userId=2, username=test001
2026-09-11 20:32:24.086 [main] DEBUG c.m.s.impl.NotificationServiceImpl - 生成通知: type=1, receiverId=9, actorId=2, postId=null
2026-09-11 20:32:24.087 [main] INFO  c.m.service.impl.FollowServiceImpl - 关注成功: followerId=2, followingId=9
2026-09-11 20:32:24.190 [main] INFO  c.miqu.service.impl.AuthServiceImpl - 用户登录成功: userId=2, username=test001
2026-09-11 20:32:24.274 [main] INFO  c.miqu.service.impl.AuthServiceImpl - 用户登录成功: userId=2, username=test001
2026-09-11 20:32:24.287 [main] DEBUG c.m.exception.GlobalExceptionHandler - 业务异常 [DELETE] /api/users/9/follow -> 尚未关注该用户
2026-09-11 20:32:24.377 [main] INFO  c.miqu.service.impl.AuthServiceImpl - 用户登录成功: userId=2, username=test001
2026-09-11 20:32:24.384 [main] DEBUG c.m.exception.GlobalExceptionHandler - 业务异常 [POST] /api/users/999999/follow -> 用户不存在
2026-09-11 20:32:24.460 [main] INFO  c.miqu.service.impl.AuthServiceImpl - 用户登录成功: userId=2, username=test001
2026-09-11 20:32:24.550 [main] INFO  c.miqu.service.impl.AuthServiceImpl - 用户登录成功: userId=2, username=test001
2026-09-11 20:32:24.556 [main] DEBUG c.m.exception.GlobalExceptionHandler - 业务异常 [POST] /api/users/2/follow -> 不能关注自己
2026-09-11 20:32:24.640 [main] INFO  c.miqu.service.impl.AuthServiceImpl - 用户登录成功: userId=2, username=test001
2026-09-11 20:32:24.655 [main] DEBUG c.m.s.impl.NotificationServiceImpl - 生成通知: type=1, receiverId=9, actorId=2, postId=null
2026-09-11 20:32:24.655 [main] INFO  c.m.service.impl.FollowServiceImpl - 关注成功: followerId=2, followingId=9
2026-09-11 20:32:24.666 [main] INFO  o.s.t.c.s.AnnotationConfigContextLoaderUtils - Could not detect default configuration classes for test class [com.miqu.message.ConversationControllerTest]: ConversationControllerTest does not declare any static, non-private, non-final, nested classes annotated with @Configuration.
2026-09-11 20:32:24.710 [main] INFO  o.s.b.t.c.SpringBootTestContextBootstrapper - Found @SpringBootConfiguration com.miqu.MiquApplication for test class com.miqu.message.ConversationControllerTest
2026-09-11 20:32:24.784 [main] INFO  c.miqu.service.impl.AuthServiceImpl - 用户登录成功: userId=2, username=test001
2026-09-11 20:32:24.894 [main] INFO  c.miqu.service.impl.AuthServiceImpl - 用户登录成功: userId=2, username=test001
2026-09-11 20:32:24.908 [main] DEBUG c.m.exception.GlobalExceptionHandler - 业务异常 [GET] /api/conversations/4/messages -> 你不是该会话的参与者
2026-09-11 20:32:24.976 [main] INFO  c.miqu.service.impl.AuthServiceImpl - 用户登录成功: userId=4, username=test003
2026-09-11 20:32:25.105 [main] INFO  c.miqu.service.impl.AuthServiceImpl - 用户登录成功: userId=4, username=test003
2026-09-11 20:32:25.125 [main] DEBUG c.m.s.impl.ConversationServiceImpl - 会话标记已读: conversationId=4, userId=4
2026-09-11 20:32:25.191 [main] INFO  c.miqu.service.impl.AuthServiceImpl - 用户登录成功: userId=6, username=test005
2026-09-11 20:32:25.278 [main] INFO  c.miqu.service.impl.AuthServiceImpl - 用户登录成功: userId=2, username=test001
2026-09-11 20:32:25.386 [main] INFO  c.miqu.service.impl.AuthServiceImpl - 用户登录成功: userId=2, username=test001
2026-09-11 20:32:25.391 [main] DEBUG c.m.exception.GlobalExceptionHandler - 业务异常 [PUT] /api/conversations/4/read -> 你不是该会话的参与者
2026-09-11 20:32:25.464 [main] INFO  c.miqu.service.impl.AuthServiceImpl - 用户登录成功: userId=2, username=test001
2026-09-11 20:32:25.562 [main] INFO  c.miqu.service.impl.AuthServiceImpl - 用户登录成功: userId=6, username=test005
2026-09-11 20:32:25.630 [main] INFO  c.miqu.service.impl.AuthServiceImpl - 用户登录成功: userId=20, username=test017
2026-09-11 20:32:25.743 [main] INFO  c.miqu.service.impl.AuthServiceImpl - 用户登录成功: userId=2, username=test001
2026-09-11 20:32:25.828 [main] INFO  c.miqu.service.impl.AuthServiceImpl - 用户登录成功: userId=2, username=test001
2026-09-11 20:32:25.835 [main] DEBUG c.m.exception.GlobalExceptionHandler - 业务异常 [GET] /api/conversations/999999/messages -> 会话不存在
2026-09-11 20:32:25.906 [main] INFO  c.miqu.service.impl.AuthServiceImpl - 用户登录成功: userId=2, username=test001
2026-09-11 20:32:25.988 [main] INFO  c.miqu.service.impl.AuthServiceImpl - 用户登录成功: userId=2, username=test001
2026-09-11 20:32:25.992 [main] DEBUG c.m.exception.GlobalExceptionHandler - 业务异常 [PUT] /api/conversations/999999/read -> 会话不存在
2026-09-11 20:32:25.998 [main] DEBUG c.m.exception.GlobalExceptionHandler - 业务异常 [PUT] /api/conversations/1/read -> 未登录或登录状态已失效
2026-09-11 20:32:26.069 [main] INFO  c.miqu.service.impl.AuthServiceImpl - 用户登录成功: userId=2, username=test001
2026-09-11 20:32:26.085 [main] DEBUG c.m.exception.GlobalExceptionHandler - 业务异常 [GET] /api/conversations -> 未登录或登录状态已失效
2026-09-11 20:32:26.092 [main] DEBUG c.m.exception.GlobalExceptionHandler - 业务异常 [GET] /api/conversations/1/messages -> 未登录或登录状态已失效
2026-09-11 20:32:26.162 [main] INFO  c.miqu.service.impl.AuthServiceImpl - 用户登录成功: userId=2, username=test001
2026-09-11 20:32:26.250 [main] INFO  c.miqu.service.impl.AuthServiceImpl - 用户登录成功: userId=2, username=test001
2026-09-11 20:32:26.255 [main] DEBUG c.m.exception.GlobalExceptionHandler - 业务异常 [POST] /api/conversations -> 用户不存在
2026-09-11 20:32:26.327 [main] INFO  c.miqu.service.impl.AuthServiceImpl - 用户登录成功: userId=2, username=test001
2026-09-11 20:32:26.401 [main] INFO  c.miqu.service.impl.AuthServiceImpl - 用户登录成功: userId=2, username=test001
2026-09-11 20:32:26.405 [main] DEBUG c.m.exception.GlobalExceptionHandler - 业务异常 [POST] /api/conversations -> 不能给自己发送私信
2026-09-11 20:32:26.474 [main] INFO  c.miqu.service.impl.AuthServiceImpl - 用户登录成功: userId=2, username=test001
2026-09-11 20:32:26.480 [main] DEBUG c.m.exception.GlobalExceptionHandler - 业务异常 [POST] /api/conversations -> 账号已被禁用，请联系管理员
2026-09-11 20:32:26.549 [main] INFO  c.miqu.service.impl.AuthServiceImpl - 用户登录成功: userId=2, username=test001
2026-09-11 20:32:26.575 [main] DEBUG c.m.s.impl.ConversationServiceImpl - 会话标记已读: conversationId=1, userId=2
2026-09-11 20:32:26.679 [main] INFO  c.miqu.service.impl.AuthServiceImpl - 用户登录成功: userId=2, username=test001
2026-09-11 20:32:26.693 [main] INFO  o.s.t.c.s.AnnotationConfigContextLoaderUtils - Could not detect default configuration classes for test class [com.miqu.message.MessageControllerTest]: MessageControllerTest does not declare any static, non-private, non-final, nested classes annotated with @Configuration.
2026-09-11 20:32:26.696 [main] INFO  o.s.b.t.c.SpringBootTestContextBootstrapper - Found @SpringBootConfiguration com.miqu.MiquApplication for test class com.miqu.message.MessageControllerTest
2026-09-11 20:32:26.766 [main] INFO  c.miqu.service.impl.AuthServiceImpl - 用户登录成功: userId=2, username=test001
2026-09-11 20:32:26.822 [main] INFO  c.m.service.impl.MessageServiceImpl - 发送私信: messageId=88, conversationId=1, senderId=2, receiverId=3
2026-09-11 20:32:26.901 [main] INFO  c.miqu.service.impl.AuthServiceImpl - 用户登录成功: userId=2, username=test001
2026-09-11 20:32:26.918 [main] INFO  c.m.service.impl.MessageServiceImpl - 发送私信: messageId=89, conversationId=1, senderId=2, receiverId=3
2026-09-11 20:32:27.009 [main] INFO  c.miqu.service.impl.AuthServiceImpl - 用户登录成功: userId=2, username=test001
2026-09-11 20:32:27.095 [main] INFO  c.miqu.service.impl.AuthServiceImpl - 用户登录成功: userId=2, username=test001
2026-09-11 20:32:27.110 [main] INFO  c.m.service.impl.MessageServiceImpl - 发送私信: messageId=90, conversationId=21, senderId=2, receiverId=9
2026-09-11 20:32:27.197 [main] INFO  c.miqu.service.impl.AuthServiceImpl - 用户登录成功: userId=2, username=test001
2026-09-11 20:32:27.274 [main] INFO  c.miqu.service.impl.AuthServiceImpl - 用户登录成功: userId=2, username=test001
2026-09-11 20:32:27.367 [main] INFO  c.miqu.service.impl.AuthServiceImpl - 用户登录成功: userId=3, username=test002
2026-09-11 20:32:27.421 [main] INFO  c.miqu.service.impl.AuthServiceImpl - 用户登录成功: userId=2, username=test001
2026-09-11 20:32:27.429 [main] INFO  c.m.service.impl.MessageServiceImpl - 发送私信: messageId=91, conversationId=1, senderId=3, receiverId=2
2026-09-11 20:32:27.438 [main] DEBUG c.m.exception.GlobalExceptionHandler - 业务异常 [GET] /api/messages/unread-count -> 未登录或登录状态已失效
2026-09-11 20:32:27.489 [main] INFO  c.miqu.service.impl.AuthServiceImpl - 用户登录成功: userId=2, username=test001
2026-09-11 20:32:27.498 [main] INFO  c.m.service.impl.MessageServiceImpl - 发送私信: messageId=92, conversationId=2, senderId=2, receiverId=4
2026-09-11 20:32:27.564 [main] INFO  c.miqu.service.impl.AuthServiceImpl - 用户登录成功: userId=2, username=test001
2026-09-11 20:32:27.567 [main] DEBUG c.m.exception.GlobalExceptionHandler - 业务异常 [POST] /api/messages -> 不能给自己发送私信
2026-09-11 20:32:27.623 [main] INFO  c.miqu.service.impl.AuthServiceImpl - 用户登录成功: userId=2, username=test001
2026-09-11 20:32:27.625 [main] DEBUG c.m.exception.GlobalExceptionHandler - 业务异常 [POST] /api/messages -> 账号已被禁用，请联系管理员
2026-09-11 20:32:27.680 [main] INFO  c.miqu.service.impl.AuthServiceImpl - 用户登录成功: userId=2, username=test001
2026-09-11 20:32:27.682 [main] DEBUG c.m.exception.GlobalExceptionHandler - 业务异常 [POST] /api/messages -> 用户不存在
2026-09-11 20:32:27.737 [main] INFO  c.miqu.service.impl.AuthServiceImpl - 用户登录成功: userId=2, username=test001
2026-09-11 20:32:27.747 [main] INFO  c.m.service.impl.MessageServiceImpl - 发送私信: messageId=93, conversationId=22, senderId=2, receiverId=9
2026-09-11 20:32:27.803 [main] INFO  c.miqu.service.impl.AuthServiceImpl - 用户登录成功: userId=2, username=test001
2026-09-11 20:32:27.809 [main] INFO  c.m.service.impl.MessageServiceImpl - 发送私信: messageId=94, conversationId=23, senderId=2, receiverId=9
2026-09-11 20:32:27.866 [main] INFO  c.miqu.service.impl.AuthServiceImpl - 用户登录成功: userId=21, username=test018
2026-09-11 20:32:27.874 [main] DEBUG c.m.exception.GlobalExceptionHandler - 业务异常 [POST] /api/messages -> 未登录或登录状态已失效
2026-09-11 20:32:27.930 [main] INFO  c.miqu.service.impl.AuthServiceImpl - 用户登录成功: userId=2, username=test001
2026-09-11 20:32:27.932 [main] DEBUG c.m.exception.GlobalExceptionHandler - 业务异常 [POST] /api/messages -> 用户不存在
2026-09-11 20:32:27.935 [main] INFO  o.s.t.c.s.AnnotationConfigContextLoaderUtils - Could not detect default configuration classes for test class [com.miqu.MiquApplicationTests]: MiquApplicationTests does not declare any static, non-private, non-final, nested classes annotated with @Configuration.
2026-09-11 20:32:27.948 [main] INFO  o.s.b.t.c.SpringBootTestContextBootstrapper - Found @SpringBootConfiguration com.miqu.MiquApplication for test class com.miqu.MiquApplicationTests
2026-09-11 20:32:27.968 [main] INFO  o.s.t.c.s.AnnotationConfigContextLoaderUtils - Could not detect default configuration classes for test class [com.miqu.notification.NotificationControllerTest]: NotificationControllerTest does not declare any static, non-private, non-final, nested classes annotated with @Configuration.
2026-09-11 20:32:27.985 [main] INFO  o.s.b.t.c.SpringBootTestContextBootstrapper - Found @SpringBootConfiguration com.miqu.MiquApplication for test class com.miqu.notification.NotificationControllerTest
2026-09-11 20:32:28.046 [main] INFO  c.miqu.service.impl.AuthServiceImpl - 用户登录成功: userId=2, username=test001
2026-09-11 20:32:28.055 [main] DEBUG c.m.s.impl.NotificationServiceImpl - 通知全部标记已读: userId=2
2026-09-11 20:32:28.131 [main] INFO  c.miqu.service.impl.AuthServiceImpl - 用户登录成功: userId=2, username=test001
2026-09-11 20:32:28.205 [main] INFO  c.miqu.service.impl.AuthServiceImpl - 用户登录成功: userId=2, username=test001
2026-09-11 20:32:28.211 [main] DEBUG c.m.exception.GlobalExceptionHandler - 业务异常 [PUT] /api/notifications/read-all -> 未登录或登录状态已失效
2026-09-11 20:32:28.269 [main] INFO  c.miqu.service.impl.AuthServiceImpl - 用户登录成功: userId=2, username=test001
2026-09-11 20:32:28.321 [main] INFO  c.miqu.service.impl.AuthServiceImpl - 用户登录成功: userId=9, username=test008
2026-09-11 20:32:28.330 [main] DEBUG c.m.s.impl.NotificationServiceImpl - 生成通知: type=1, receiverId=9, actorId=2, postId=null
2026-09-11 20:32:28.331 [main] INFO  c.m.service.impl.FollowServiceImpl - 关注成功: followerId=2, followingId=9
2026-09-11 20:32:28.403 [main] INFO  c.miqu.service.impl.AuthServiceImpl - 用户登录成功: userId=2, username=test001
2026-09-11 20:32:28.464 [main] INFO  c.miqu.service.impl.AuthServiceImpl - 用户登录成功: userId=2, username=test001
2026-09-11 20:32:28.467 [main] DEBUG c.m.exception.GlobalExceptionHandler - 业务异常 [PUT] /api/notifications/999999/read -> 通知不存在
2026-09-11 20:32:28.470 [main] DEBUG c.m.exception.GlobalExceptionHandler - 业务异常 [GET] /api/notifications/unread-count -> 未登录或登录状态已失效
2026-09-11 20:32:28.526 [main] INFO  c.miqu.service.impl.AuthServiceImpl - 用户登录成功: userId=2, username=test001
2026-09-11 20:32:28.589 [main] INFO  c.miqu.service.impl.AuthServiceImpl - 用户登录成功: userId=2, username=test001
2026-09-11 20:32:28.663 [main] INFO  c.miqu.service.impl.AuthServiceImpl - 用户登录成功: userId=3, username=test002
2026-09-11 20:32:28.715 [main] INFO  c.miqu.service.impl.AuthServiceImpl - 用户登录成功: userId=2, username=test001
2026-09-11 20:32:28.720 [main] DEBUG c.m.s.impl.NotificationServiceImpl - 通知全部标记已读: userId=2
2026-09-11 20:32:28.775 [main] INFO  c.miqu.service.impl.AuthServiceImpl - 用户登录成功: userId=21, username=test018
2026-09-11 20:32:28.777 [main] DEBUG c.m.s.impl.NotificationServiceImpl - 通知全部标记已读: userId=21
2026-09-11 20:32:28.831 [main] INFO  c.miqu.service.impl.AuthServiceImpl - 用户登录成功: userId=2, username=test001
2026-09-11 20:32:28.846 [main] DEBUG c.m.exception.GlobalExceptionHandler - 业务异常 [PUT] /api/notifications/1/read -> 未登录或登录状态已失效
2026-09-11 20:32:28.847 [main] DEBUG c.m.exception.GlobalExceptionHandler - 业务异常 [GET] /api/notifications -> 未登录或登录状态已失效
2026-09-11 20:32:28.900 [main] INFO  c.miqu.service.impl.AuthServiceImpl - 用户登录成功: userId=2, username=test001
2026-09-11 20:32:28.953 [main] INFO  c.miqu.service.impl.AuthServiceImpl - 用户登录成功: userId=2, username=test001
2026-09-11 20:32:29.016 [main] INFO  c.miqu.service.impl.AuthServiceImpl - 用户登录成功: userId=2, username=test001
2026-09-11 20:32:29.076 [main] INFO  c.miqu.service.impl.AuthServiceImpl - 用户登录成功: userId=2, username=test001
2026-09-11 20:32:29.082 [main] DEBUG c.m.s.impl.NotificationServiceImpl - 生成通知: type=1, receiverId=9, actorId=2, postId=null
2026-09-11 20:32:29.082 [main] INFO  c.m.service.impl.FollowServiceImpl - 关注成功: followerId=2, followingId=9
2026-09-11 20:32:29.086 [main] DEBUG c.m.exception.GlobalExceptionHandler - 业务异常 [PUT] /api/notifications/96/read -> 无权限执行该操作
2026-09-11 20:32:29.091 [main] INFO  o.s.t.c.s.AnnotationConfigContextLoaderUtils - Could not detect default configuration classes for test class [com.miqu.post.PostControllerTest]: PostControllerTest does not declare any static, non-private, non-final, nested classes annotated with @Configuration.
2026-09-11 20:32:29.106 [main] INFO  o.s.b.t.c.SpringBootTestContextBootstrapper - Found @SpringBootConfiguration com.miqu.MiquApplication for test class com.miqu.post.PostControllerTest
2026-09-11 20:32:29.109 [main] DEBUG c.m.exception.GlobalExceptionHandler - 业务异常 [DELETE] /api/posts/1 -> 未登录或登录状态已失效
2026-09-11 20:32:29.165 [main] INFO  c.miqu.service.impl.AuthServiceImpl - 用户登录成功: userId=2, username=test001
2026-09-11 20:32:29.225 [main] INFO  c.miqu.service.impl.AuthServiceImpl - 用户登录成功: userId=2, username=test001
2026-09-11 20:32:29.295 [main] INFO  c.miqu.service.impl.AuthServiceImpl - 用户登录成功: userId=2, username=test001
2026-09-11 20:32:29.297 [main] DEBUG c.m.exception.GlobalExceptionHandler - 业务异常 [POST] /api/posts -> 图片地址不合法，请先通过上传接口获取
2026-09-11 20:32:29.356 [main] INFO  c.miqu.service.impl.AuthServiceImpl - 用户登录成功: userId=2, username=test001
2026-09-11 20:32:29.360 [main] INFO  c.miqu.service.impl.PostServiceImpl - 发布动态: postId=74, userId=2, imageCount=1
2026-09-11 20:32:29.375 [main] DEBUG c.m.exception.GlobalExceptionHandler - 业务异常 [GET] /api/posts/999999 -> 动态不存在或已被删除
2026-09-11 20:32:29.427 [main] INFO  c.miqu.service.impl.AuthServiceImpl - 用户登录成功: userId=2, username=test001
2026-09-11 20:32:29.495 [main] INFO  c.miqu.service.impl.AuthServiceImpl - 用户登录成功: userId=2, username=test001
2026-09-11 20:32:29.500 [main] INFO  c.miqu.service.impl.PostServiceImpl - 发布动态: postId=75, userId=2, imageCount=0
2026-09-11 20:32:29.507 [main] INFO  c.miqu.service.impl.PostServiceImpl - 删除动态: postId=75, operatorId=2, 作者=2, 管理员=false
2026-09-11 20:32:29.509 [main] DEBUG c.m.exception.GlobalExceptionHandler - 业务异常 [GET] /api/posts/75 -> 动态不存在或已被删除
2026-09-11 20:32:29.561 [main] INFO  c.miqu.service.impl.AuthServiceImpl - 用户登录成功: userId=2, username=test001
2026-09-11 20:32:29.563 [main] DEBUG c.m.exception.GlobalExceptionHandler - 业务异常 [DELETE] /api/posts/2 -> 无权限执行该操作
2026-09-11 20:32:29.614 [main] INFO  c.miqu.service.impl.AuthServiceImpl - 用户登录成功: userId=1, username=admin
2026-09-11 20:32:29.622 [main] INFO  c.miqu.service.impl.PostServiceImpl - 删除动态: postId=2, operatorId=1, 作者=3, 管理员=true
2026-09-11 20:32:29.622 [main] DEBUG c.m.exception.GlobalExceptionHandler - 业务异常 [GET] /api/posts/2 -> 动态不存在或已被删除
2026-09-11 20:32:29.675 [main] INFO  c.miqu.service.impl.AuthServiceImpl - 用户登录成功: userId=2, username=test001
2026-09-11 20:32:29.677 [main] DEBUG c.m.exception.GlobalExceptionHandler - 业务异常 [POST] /api/posts -> 动态内容与图片不能同时为空
2026-09-11 20:32:29.734 [main] INFO  c.miqu.service.impl.AuthServiceImpl - 用户登录成功: userId=2, username=test001
2026-09-11 20:32:29.739 [main] INFO  c.miqu.service.impl.PostServiceImpl - 发布动态: postId=76, userId=2, imageCount=0
2026-09-11 20:32:29.748 [main] DEBUG c.m.exception.GlobalExceptionHandler - 业务异常 [POST] /api/posts -> 未登录或登录状态已失效
2026-09-11 20:32:29.799 [main] INFO  c.miqu.service.impl.AuthServiceImpl - 用户登录成功: userId=2, username=test001
2026-09-11 20:32:29.801 [main] DEBUG c.m.exception.GlobalExceptionHandler - 业务异常 [DELETE] /api/posts/999999 -> 动态不存在或已被删除
2026-09-11 20:32:29.861 [main] INFO  c.miqu.service.impl.AuthServiceImpl - 用户登录成功: userId=2, username=test001
2026-09-11 20:32:29.868 [main] INFO  c.miqu.service.impl.PostServiceImpl - 删除动态: postId=1, operatorId=2, 作者=2, 管理员=false
2026-09-11 20:32:29.869 [main] DEBUG c.m.exception.GlobalExceptionHandler - 业务异常 [GET] /api/posts/1 -> 动态不存在或已被删除
2026-09-11 20:32:29.870 [main] DEBUG c.m.exception.GlobalExceptionHandler - 业务异常 [GET] /api/posts/1/comments -> 动态不存在或已被删除
2026-09-11 20:32:29.928 [main] INFO  c.miqu.service.impl.AuthServiceImpl - 用户登录成功: userId=2, username=test001
2026-09-11 20:32:29.932 [main] INFO  c.miqu.service.impl.PostServiceImpl - 发布动态: postId=77, userId=2, imageCount=0
2026-09-11 20:32:29.995 [main] INFO  c.miqu.service.impl.AuthServiceImpl - 用户登录成功: userId=2, username=test001
2026-09-11 20:32:29.999 [main] DEBUG c.m.exception.GlobalExceptionHandler - 业务异常 [GET] /api/posts -> 未登录或登录状态已失效
2026-09-11 20:32:30.052 [main] INFO  c.miqu.service.impl.AuthServiceImpl - 用户登录成功: userId=2, username=test001
2026-09-11 20:32:30.119 [main] INFO  c.miqu.service.impl.AuthServiceImpl - 用户登录成功: userId=2, username=test001
2026-09-11 20:32:30.124 [main] INFO  c.miqu.service.impl.PostServiceImpl - 发布动态: postId=78, userId=2, imageCount=2
2026-09-11 20:32:30.132 [main] INFO  o.s.t.c.s.AnnotationConfigContextLoaderUtils - Could not detect default configuration classes for test class [com.miqu.post.PostLikeControllerTest]: PostLikeControllerTest does not declare any static, non-private, non-final, nested classes annotated with @Configuration.
2026-09-11 20:32:30.133 [main] INFO  o.s.b.t.c.SpringBootTestContextBootstrapper - Found @SpringBootConfiguration com.miqu.MiquApplication for test class com.miqu.post.PostLikeControllerTest
2026-09-11 20:32:30.189 [main] INFO  c.miqu.service.impl.AuthServiceImpl - 用户登录成功: userId=2, username=test001
2026-09-11 20:32:30.193 [main] INFO  c.miqu.service.impl.PostServiceImpl - 发布动态: postId=79, userId=2, imageCount=0
2026-09-11 20:32:30.244 [main] INFO  c.miqu.service.impl.AuthServiceImpl - 用户登录成功: userId=3, username=test002
2026-09-11 20:32:30.250 [main] DEBUG c.m.s.impl.NotificationServiceImpl - 生成通知: type=2, receiverId=2, actorId=3, postId=79
2026-09-11 20:32:30.250 [main] INFO  c.miqu.service.impl.PostServiceImpl - 点赞: postId=79, userId=3
2026-09-11 20:32:30.256 [main] INFO  c.miqu.service.impl.PostServiceImpl - 取消点赞: postId=79, userId=3
2026-09-11 20:32:30.310 [main] INFO  c.miqu.service.impl.AuthServiceImpl - 用户登录成功: userId=2, username=test001
2026-09-11 20:32:30.314 [main] INFO  c.miqu.service.impl.PostServiceImpl - 发布动态: postId=80, userId=2, imageCount=0
2026-09-11 20:32:30.365 [main] INFO  c.miqu.service.impl.AuthServiceImpl - 用户登录成功: userId=3, username=test002
2026-09-11 20:32:30.370 [main] DEBUG c.m.s.impl.NotificationServiceImpl - 生成通知: type=2, receiverId=2, actorId=3, postId=80
2026-09-11 20:32:30.370 [main] INFO  c.miqu.service.impl.PostServiceImpl - 点赞: postId=80, userId=3
2026-09-11 20:32:30.374 [main] INFO  c.miqu.service.impl.PostServiceImpl - 取消点赞: postId=80, userId=3
2026-09-11 20:32:30.428 [main] INFO  c.miqu.service.impl.AuthServiceImpl - 用户登录成功: userId=2, username=test001
2026-09-11 20:32:30.433 [main] INFO  c.miqu.service.impl.PostServiceImpl - 发布动态: postId=81, userId=2, imageCount=0
2026-09-11 20:32:30.484 [main] INFO  c.miqu.service.impl.AuthServiceImpl - 用户登录成功: userId=3, username=test002
2026-09-11 20:32:30.488 [main] DEBUG c.m.exception.GlobalExceptionHandler - 业务异常 [DELETE] /api/posts/81/like -> 尚未点赞该动态
2026-09-11 20:32:30.542 [main] INFO  c.miqu.service.impl.AuthServiceImpl - 用户登录成功: userId=3, username=test002
2026-09-11 20:32:30.545 [main] DEBUG c.m.exception.GlobalExceptionHandler - 业务异常 [POST] /api/posts/999999/like -> 动态不存在或已被删除
2026-09-11 20:32:30.597 [main] INFO  c.miqu.service.impl.AuthServiceImpl - 用户登录成功: userId=2, username=test001
2026-09-11 20:32:30.600 [main] INFO  c.miqu.service.impl.PostServiceImpl - 发布动态: postId=82, userId=2, imageCount=0
2026-09-11 20:32:30.649 [main] INFO  c.miqu.service.impl.AuthServiceImpl - 用户登录成功: userId=3, username=test002
2026-09-11 20:32:30.653 [main] DEBUG c.m.s.impl.NotificationServiceImpl - 生成通知: type=2, receiverId=2, actorId=3, postId=82
2026-09-11 20:32:30.653 [main] INFO  c.miqu.service.impl.PostServiceImpl - 点赞: postId=82, userId=3
2026-09-11 20:32:30.656 [main] DEBUG c.m.exception.GlobalExceptionHandler - 业务异常 [POST] /api/posts/82/like -> 已经点赞过该动态
2026-09-11 20:32:30.710 [main] INFO  c.miqu.service.impl.AuthServiceImpl - 用户登录成功: userId=2, username=test001
2026-09-11 20:32:30.715 [main] INFO  c.miqu.service.impl.PostServiceImpl - 发布动态: postId=83, userId=2, imageCount=0
2026-09-11 20:32:30.768 [main] INFO  c.miqu.service.impl.AuthServiceImpl - 用户登录成功: userId=2, username=test001
2026-09-11 20:32:30.773 [main] INFO  c.miqu.service.impl.PostServiceImpl - 点赞: postId=83, userId=2
2026-09-11 20:32:30.827 [main] INFO  c.miqu.service.impl.AuthServiceImpl - 用户登录成功: userId=2, username=test001
2026-09-11 20:32:30.831 [main] INFO  c.miqu.service.impl.PostServiceImpl - 发布动态: postId=84, userId=2, imageCount=0
2026-09-11 20:32:30.880 [main] INFO  c.miqu.service.impl.AuthServiceImpl - 用户登录成功: userId=3, username=test002
2026-09-11 20:32:30.885 [main] DEBUG c.m.s.impl.NotificationServiceImpl - 生成通知: type=2, receiverId=2, actorId=3, postId=84
2026-09-11 20:32:30.885 [main] INFO  c.miqu.service.impl.PostServiceImpl - 点赞: postId=84, userId=3
2026-09-11 20:32:30.942 [main] INFO  c.miqu.service.impl.AuthServiceImpl - 用户登录成功: userId=2, username=test001
2026-09-11 20:32:30.946 [main] INFO  c.miqu.service.impl.PostServiceImpl - 发布动态: postId=85, userId=2, imageCount=0
2026-09-11 20:32:30.996 [main] INFO  c.miqu.service.impl.AuthServiceImpl - 用户登录成功: userId=3, username=test002
2026-09-11 20:32:31.000 [main] DEBUG c.m.s.impl.NotificationServiceImpl - 生成通知: type=2, receiverId=2, actorId=3, postId=85
2026-09-11 20:32:31.000 [main] INFO  c.miqu.service.impl.PostServiceImpl - 点赞: postId=85, userId=3
2026-09-11 20:32:31.004 [main] DEBUG c.m.exception.GlobalExceptionHandler - 业务异常 [POST] /api/posts/1/like -> 未登录或登录状态已失效
2026-09-11 20:32:31.056 [main] INFO  c.miqu.service.impl.AuthServiceImpl - 用户登录成功: userId=2, username=test001
2026-09-11 20:32:31.059 [main] INFO  c.miqu.service.impl.PostServiceImpl - 发布动态: postId=86, userId=2, imageCount=0
2026-09-11 20:32:31.109 [main] INFO  c.miqu.service.impl.AuthServiceImpl - 用户登录成功: userId=3, username=test002
2026-09-11 20:32:31.114 [main] DEBUG c.m.s.impl.NotificationServiceImpl - 生成通知: type=2, receiverId=2, actorId=3, postId=86
2026-09-11 20:32:31.114 [main] INFO  c.miqu.service.impl.PostServiceImpl - 点赞: postId=86, userId=3
2026-09-11 20:32:31.119 [main] INFO  c.miqu.service.impl.PostServiceImpl - 取消点赞: postId=86, userId=3
2026-09-11 20:32:31.123 [main] DEBUG c.m.s.impl.NotificationServiceImpl - 生成通知: type=2, receiverId=2, actorId=3, postId=86
2026-09-11 20:32:31.123 [main] INFO  c.miqu.service.impl.PostServiceImpl - 点赞: postId=86, userId=3
2026-09-11 20:32:31.176 [main] INFO  c.miqu.service.impl.AuthServiceImpl - 用户登录成功: userId=2, username=test001
2026-09-11 20:32:31.179 [main] INFO  c.miqu.service.impl.PostServiceImpl - 发布动态: postId=87, userId=2, imageCount=0
2026-09-11 20:32:31.229 [main] INFO  c.miqu.service.impl.AuthServiceImpl - 用户登录成功: userId=3, username=test002
2026-09-11 20:32:31.234 [main] DEBUG c.m.s.impl.NotificationServiceImpl - 生成通知: type=2, receiverId=2, actorId=3, postId=87
2026-09-11 20:32:31.234 [main] INFO  c.miqu.service.impl.PostServiceImpl - 点赞: postId=87, userId=3
2026-09-11 20:32:31.238 [main] INFO  c.miqu.service.impl.PostServiceImpl - 取消点赞: postId=87, userId=3
2026-09-11 20:32:31.241 [main] DEBUG c.m.s.impl.NotificationServiceImpl - 生成通知: type=2, receiverId=2, actorId=3, postId=87
2026-09-11 20:32:31.241 [main] INFO  c.miqu.service.impl.PostServiceImpl - 点赞: postId=87, userId=3
2026-09-11 20:32:31.246 [main] INFO  c.miqu.service.impl.PostServiceImpl - 取消点赞: postId=87, userId=3
2026-09-11 20:32:31.250 [main] DEBUG c.m.s.impl.NotificationServiceImpl - 生成通知: type=2, receiverId=2, actorId=3, postId=87
2026-09-11 20:32:31.250 [main] INFO  c.miqu.service.impl.PostServiceImpl - 点赞: postId=87, userId=3
2026-09-11 20:32:31.256 [main] INFO  c.miqu.service.impl.PostServiceImpl - 取消点赞: postId=87, userId=3
2026-09-11 20:32:31.312 [main] INFO  c.miqu.service.impl.AuthServiceImpl - 用户登录成功: userId=2, username=test001
2026-09-11 20:32:31.317 [main] INFO  c.miqu.service.impl.PostServiceImpl - 发布动态: postId=88, userId=2, imageCount=0
2026-09-11 20:32:31.366 [main] INFO  c.miqu.service.impl.AuthServiceImpl - 用户登录成功: userId=3, username=test002
2026-09-11 20:32:31.371 [main] DEBUG c.m.s.impl.NotificationServiceImpl - 生成通知: type=2, receiverId=2, actorId=3, postId=88
2026-09-11 20:32:31.371 [main] INFO  c.miqu.service.impl.PostServiceImpl - 点赞: postId=88, userId=3
2026-09-11 20:32:31.419 [main] INFO  c.miqu.service.impl.AuthServiceImpl - 用户登录成功: userId=4, username=test003
2026-09-11 20:32:31.424 [main] DEBUG c.m.s.impl.NotificationServiceImpl - 生成通知: type=2, receiverId=2, actorId=4, postId=88
2026-09-11 20:32:31.424 [main] INFO  c.miqu.service.impl.PostServiceImpl - 点赞: postId=88, userId=4
2026-09-11 20:32:31.474 [main] INFO  c.miqu.service.impl.AuthServiceImpl - 用户登录成功: userId=5, username=test004
2026-09-11 20:32:31.479 [main] DEBUG c.m.s.impl.NotificationServiceImpl - 生成通知: type=2, receiverId=2, actorId=5, postId=88
2026-09-11 20:32:31.479 [main] INFO  c.miqu.service.impl.PostServiceImpl - 点赞: postId=88, userId=5
2026-09-11 20:32:31.488 [main] INFO  o.s.t.c.s.AnnotationConfigContextLoaderUtils - Could not detect default configuration classes for test class [com.miqu.report.ReportControllerTest]: ReportControllerTest does not declare any static, non-private, non-final, nested classes annotated with @Configuration.
2026-09-11 20:32:31.502 [main] INFO  o.s.b.t.c.SpringBootTestContextBootstrapper - Found @SpringBootConfiguration com.miqu.MiquApplication for test class com.miqu.report.ReportControllerTest
2026-09-11 20:32:31.558 [main] INFO  c.miqu.service.impl.AuthServiceImpl - 用户登录成功: userId=2, username=test001
2026-09-11 20:32:31.560 [main] DEBUG c.m.exception.GlobalExceptionHandler - 业务异常 [POST] /api/reports -> 不能举报自己
2026-09-11 20:32:31.613 [main] INFO  c.miqu.service.impl.AuthServiceImpl - 用户登录成功: userId=2, username=test001
2026-09-11 20:32:31.616 [main] INFO  c.m.service.impl.ReportServiceImpl - 提交举报: reportId=21, reporterId=2, target=(2, 2)
2026-09-11 20:32:31.618 [main] DEBUG c.m.exception.GlobalExceptionHandler - 业务异常 [POST] /api/reports -> 你已经举报过该内容
2026-09-11 20:32:31.673 [main] INFO  c.miqu.service.impl.AuthServiceImpl - 用户登录成功: userId=2, username=test001
2026-09-11 20:32:31.676 [main] INFO  c.m.service.impl.ReportServiceImpl - 提交举报: reportId=22, reporterId=2, target=(1, 15)
2026-09-11 20:32:31.729 [main] INFO  c.miqu.service.impl.AuthServiceImpl - 用户登录成功: userId=2, username=test001
2026-09-11 20:32:31.732 [main] INFO  c.m.service.impl.ReportServiceImpl - 提交举报: reportId=23, reporterId=2, target=(3, 1)
2026-09-11 20:32:31.735 [main] DEBUG c.m.exception.GlobalExceptionHandler - 业务异常 [POST] /api/reports -> 未登录或登录状态已失效
2026-09-11 20:32:31.787 [main] INFO  c.miqu.service.impl.AuthServiceImpl - 用户登录成功: userId=2, username=test001
2026-09-11 20:32:31.791 [main] INFO  c.m.service.impl.ReportServiceImpl - 提交举报: reportId=24, reporterId=2, target=(2, 2)
2026-09-11 20:32:31.866 [main] INFO  c.miqu.service.impl.AuthServiceImpl - 用户登录成功: userId=2, username=test001
2026-09-11 20:32:31.917 [main] INFO  c.miqu.service.impl.AuthServiceImpl - 用户登录成功: userId=1, username=admin
2026-09-11 20:32:31.926 [main] INFO  c.m.service.impl.ReportServiceImpl - 提交举报: reportId=25, reporterId=2, target=(2, 2)
2026-09-11 20:32:31.985 [main] INFO  c.miqu.service.impl.AuthServiceImpl - 用户登录成功: userId=2, username=test001
2026-09-11 20:32:31.987 [main] DEBUG c.m.exception.GlobalExceptionHandler - 业务异常 [POST] /api/reports -> 用户不存在
2026-09-11 20:32:32.040 [main] INFO  c.miqu.service.impl.AuthServiceImpl - 用户登录成功: userId=2, username=test001
2026-09-11 20:32:32.094 [main] INFO  c.miqu.service.impl.AuthServiceImpl - 用户登录成功: userId=2, username=test001
2026-09-11 20:32:32.098 [main] INFO  c.m.service.impl.ReportServiceImpl - 提交举报: reportId=26, reporterId=2, target=(1, 12)
2026-09-11 20:32:32.151 [main] INFO  c.miqu.service.impl.AuthServiceImpl - 用户登录成功: userId=2, username=test001
2026-09-11 20:32:32.153 [main] DEBUG c.m.exception.GlobalExceptionHandler - 业务异常 [POST] /api/reports -> 动态不存在或已被删除
2026-09-11 20:32:32.154 [main] DEBUG c.m.exception.GlobalExceptionHandler - 业务异常 [POST] /api/reports -> 用户不存在
2026-09-11 20:32:32.156 [main] DEBUG c.m.exception.GlobalExceptionHandler - 业务异常 [POST] /api/reports -> 评论不存在或已被删除
2026-09-11 20:32:32.208 [main] INFO  c.miqu.service.impl.AuthServiceImpl - 用户登录成功: userId=2, username=test001
2026-09-11 20:32:32.263 [main] INFO  c.miqu.service.impl.AuthServiceImpl - 用户登录成功: userId=2, username=test001
2026-09-11 20:32:32.265 [main] DEBUG c.m.exception.GlobalExceptionHandler - 业务异常 [POST] /api/reports -> 不能举报自己
2026-09-11 20:32:32.267 [main] INFO  o.s.t.c.s.AnnotationConfigContextLoaderUtils - Could not detect default configuration classes for test class [com.miqu.user.UserControllerTest]: UserControllerTest does not declare any static, non-private, non-final, nested classes annotated with @Configuration.
2026-09-11 20:32:32.282 [main] INFO  o.s.b.t.c.SpringBootTestContextBootstrapper - Found @SpringBootConfiguration com.miqu.MiquApplication for test class com.miqu.user.UserControllerTest
2026-09-11 20:32:32.334 [main] INFO  c.miqu.service.impl.AuthServiceImpl - 用户登录成功: userId=2, username=test001
2026-09-11 20:32:32.395 [main] INFO  c.miqu.service.impl.AuthServiceImpl - 用户登录成功: userId=2, username=test001
2026-09-11 20:32:32.402 [main] DEBUG c.m.exception.GlobalExceptionHandler - 业务异常 [GET] /api/users/me -> 账号已被禁用，请联系管理员
2026-09-11 20:32:32.405 [main] DEBUG c.m.exception.GlobalExceptionHandler - 业务异常 [GET] /api/users/me -> 未登录或登录状态已失效
2026-09-11 20:32:32.458 [main] INFO  c.miqu.service.impl.AuthServiceImpl - 用户登录成功: userId=2, username=test001
2026-09-11 20:32:32.561 [main] DEBUG c.m.exception.GlobalExceptionHandler - 业务异常 [PUT] /api/users/me/password -> 新密码不能与原密码相同
2026-09-11 20:32:32.614 [main] INFO  c.miqu.service.impl.AuthServiceImpl - 用户登录成功: userId=2, username=test001
2026-09-11 20:32:32.619 [main] DEBUG com.miqu.security.JwtTokenProvider - JWT 解析失败：Invalid compact JWT string: Compact JWSs must contain exactly 2 period characters, and compact JWEs must contain exactly 4.  Found: 3
2026-09-11 20:32:32.619 [main] DEBUG c.m.exception.GlobalExceptionHandler - 业务异常 [GET] /api/users/me -> 未登录或登录状态已失效
2026-09-11 20:32:32.673 [main] INFO  c.miqu.service.impl.AuthServiceImpl - 用户登录成功: userId=2, username=test001
2026-09-11 20:32:32.728 [main] INFO  c.miqu.service.impl.AuthServiceImpl - 用户登录成功: userId=2, username=test001
2026-09-11 20:32:32.778 [main] DEBUG c.m.exception.GlobalExceptionHandler - 业务异常 [PUT] /api/users/me/password -> 原密码不正确
2026-09-11 20:32:32.830 [main] INFO  c.miqu.service.impl.AuthServiceImpl - 用户登录成功: userId=2, username=test001
2026-09-11 20:32:32.978 [main] INFO  c.miqu.service.impl.UserServiceImpl - 用户修改密码: userId=2
2026-09-11 20:32:33.029 [main] INFO  c.miqu.service.impl.AuthServiceImpl - 登录失败: username=test001, 原因=凭证不匹配
2026-09-11 20:32:33.029 [main] DEBUG c.m.exception.GlobalExceptionHandler - 业务异常 [POST] /api/auth/login -> 用户名或密码错误
2026-09-11 20:32:33.079 [main] INFO  c.miqu.service.impl.AuthServiceImpl - 用户登录成功: userId=2, username=test001
2026-09-11 20:32:33.131 [main] INFO  c.miqu.service.impl.AuthServiceImpl - 用户登录成功: userId=2, username=test001
2026-09-11 20:32:33.134 [main] INFO  c.miqu.service.impl.UserServiceImpl - 用户修改头像: userId=2
2026-09-11 20:32:33.140 [main] DEBUG c.m.exception.GlobalExceptionHandler - 业务异常 [PUT] /api/users/me -> 未登录或登录状态已失效
2026-09-11 20:32:33.193 [main] INFO  c.miqu.service.impl.AuthServiceImpl - 用户登录成功: userId=2, username=test001
2026-09-11 20:32:33.193 [main] DEBUG c.m.exception.GlobalExceptionHandler - 业务异常 [GET] /api/users/me -> 未登录或登录状态已失效
2026-09-11 20:32:33.246 [main] INFO  c.miqu.service.impl.AuthServiceImpl - 用户登录成功: userId=2, username=test001
2026-09-11 20:32:33.249 [main] INFO  c.miqu.service.impl.UserServiceImpl - 用户修改资料: userId=2
2026-09-11 20:32:33.302 [main] INFO  c.miqu.service.impl.AuthServiceImpl - 用户登录成功: userId=2, username=test001
2026-09-11 20:32:33.306 [main] DEBUG c.m.exception.GlobalExceptionHandler - 业务异常 [GET] /api/users/me -> 未登录或登录状态已失效
2026-09-11 20:32:33.309 [main] DEBUG c.m.exception.GlobalExceptionHandler - 业务异常 [GET] /api/users/me -> 未登录或登录状态已失效
2026-09-11 20:32:33.310 [main] INFO  o.s.t.c.s.AnnotationConfigContextLoaderUtils - Could not detect default configuration classes for test class [com.miqu.user.UserSearchTest]: UserSearchTest does not declare any static, non-private, non-final, nested classes annotated with @Configuration.
2026-09-11 20:32:33.312 [main] INFO  o.s.b.t.c.SpringBootTestContextBootstrapper - Found @SpringBootConfiguration com.miqu.MiquApplication for test class com.miqu.user.UserSearchTest
2026-09-11 20:32:33.371 [main] INFO  c.miqu.service.impl.AuthServiceImpl - 用户登录成功: userId=2, username=test001
2026-09-11 20:32:33.456 [SpringApplicationShutdownHook] INFO  com.zaxxer.hikari.HikariDataSource - MiquHikariPool - Shutdown initiated...
2026-09-11 20:32:33.464 [SpringApplicationShutdownHook] INFO  com.zaxxer.hikari.HikariDataSource - MiquHikariPool - Shutdown completed.
2026-09-11 20:32:33.466 [SpringApplicationShutdownHook] INFO  com.zaxxer.hikari.HikariDataSource - MiquHikariPool - Shutdown initiated...
2026-09-11 20:32:33.467 [SpringApplicationShutdownHook] INFO  com.zaxxer.hikari.HikariDataSource - MiquHikariPool - Shutdown completed.
2026-09-11 20:32:50.175 [http-nio-8081-exec-10] INFO  c.miqu.service.impl.AuthServiceImpl - 用户登录成功: userId=2, username=test001
2026-09-11 20:50:17.289 [background-preinit] INFO  o.h.validator.internal.util.Version - HV000001: Hibernate Validator 8.0.2.Final
2026-09-11 20:50:17.325 [main] INFO  com.miqu.MiquApplication - Starting MiquApplication v1.0.0 using Java 25 with PID 34840 (D:\Projects\Miqu\backend\target\miqu-backend-1.0.0.jar started by 张志鹏 in D:\Projects\Miqu\backend)
2026-09-11 20:50:17.326 [main] DEBUG com.miqu.MiquApplication - Running with Spring Boot v3.4.7, Spring v6.2.8
2026-09-11 20:50:17.326 [main] INFO  com.miqu.MiquApplication - The following 1 profile is active: "local"
2026-09-11 20:50:18.229 [main] INFO  o.s.b.w.e.tomcat.TomcatWebServer - Tomcat initialized with port 8081 (http)
2026-09-11 20:50:18.239 [main] INFO  o.a.coyote.http11.Http11NioProtocol - Initializing ProtocolHandler ["http-nio-8081"]
2026-09-11 20:50:18.240 [main] INFO  o.a.catalina.core.StandardService - Starting service [Tomcat]
2026-09-11 20:50:18.241 [main] INFO  o.a.catalina.core.StandardEngine - Starting Servlet engine: [Apache Tomcat/10.1.42]
2026-09-11 20:50:18.271 [main] INFO  o.a.c.c.C.[Tomcat].[localhost].[/] - Initializing Spring embedded WebApplicationContext
2026-09-11 20:50:18.272 [main] INFO  o.s.b.w.s.c.ServletWebServerApplicationContext - Root WebApplicationContext: initialization completed in 909 ms
2026-09-11 20:50:18.600 [main] DEBUG c.m.security.JwtAuthenticationFilter - Filter 'jwtAuthenticationFilter' configured for use
2026-09-11 20:50:19.104 [main] WARN  o.s.w.s.r.ResourceHandlerUtils - Appended trailing slash to static resource location: file:///D:/Projects/Miqu/backend/uploads/
2026-09-11 20:50:19.266 [main] INFO  o.a.coyote.http11.Http11NioProtocol - Starting ProtocolHandler ["http-nio-8081"]
2026-09-11 20:50:19.289 [main] INFO  o.s.b.w.e.tomcat.TomcatWebServer - Tomcat started on port 8081 (http) with context path '/'
2026-09-11 20:50:19.297 [main] INFO  com.miqu.MiquApplication - Started MiquApplication in 2.353 seconds (process running for 2.608)
2026-09-11 20:50:19.300 [main] INFO  com.zaxxer.hikari.HikariDataSource - MiquHikariPool - Starting...
2026-09-11 20:50:19.402 [main] INFO  com.zaxxer.hikari.pool.HikariPool - MiquHikariPool - Added connection com.mysql.cj.jdbc.ConnectionImpl@6fc0e448
2026-09-11 20:50:19.403 [main] INFO  com.zaxxer.hikari.HikariDataSource - MiquHikariPool - Start completed.
2026-09-11 20:50:19.407 [main] INFO  com.miqu.MiquApplication - 数据库连接正常：jdbc:mysql://localhost:3306/miqu?serverTimezone=Asia/Shanghai&characterEncoding=utf8&useSSL=false&allowPublicKeyRetrieval=true&rewriteBatchedStatements=true
2026-09-11 20:50:19.409 [main] INFO  com.miqu.MiquApplication - 
----------------------------------------------------------
  Miqu 觅取社交系统启动完成
  接口文档: http://localhost:8081/swagger-ui.html
  健康检查: http://localhost:8081/api/health
----------------------------------------------------------
2026-09-11 20:50:51.362 [http-nio-8081-exec-1] INFO  o.a.c.c.C.[Tomcat].[localhost].[/] - Initializing Spring DispatcherServlet 'dispatcherServlet'
2026-09-11 20:50:51.363 [http-nio-8081-exec-1] INFO  o.s.web.servlet.DispatcherServlet - Initializing Servlet 'dispatcherServlet'
2026-09-11 20:50:51.364 [http-nio-8081-exec-1] INFO  o.s.web.servlet.DispatcherServlet - Completed initialization in 1 ms
2026-09-11 20:50:52.157 [http-nio-8081-exec-4] INFO  c.miqu.service.impl.AuthServiceImpl - 用户登录成功: userId=2, username=test001
2026-09-11 20:51:08.416 [background-preinit] INFO  o.h.validator.internal.util.Version - HV000001: Hibernate Validator 8.0.2.Final
2026-09-11 20:51:08.446 [main] INFO  c.miqu.admin.AdminAccessControlTest - Starting AdminAccessControlTest using Java 21.0.11 with PID 2716 (started by 张志鹏 in D:\Projects\Miqu\backend)
2026-09-11 20:51:08.448 [main] DEBUG c.miqu.admin.AdminAccessControlTest - Running with Spring Boot v3.4.7, Spring v6.2.8
2026-09-11 20:51:08.449 [main] INFO  c.miqu.admin.AdminAccessControlTest - The following 1 profile is active: "local"
2026-09-11 20:51:10.663 [main] WARN  o.s.w.s.r.ResourceHandlerUtils - Appended trailing slash to static resource location: file:///D:/Projects/Miqu/backend/uploads/
2026-09-11 20:51:11.192 [main] DEBUG c.m.security.JwtAuthenticationFilter - Filter 'jwtAuthenticationFilter' configured for use
2026-09-11 20:51:11.193 [main] INFO  o.s.b.t.m.w.SpringBootMockServletContext - Initializing Spring TestDispatcherServlet ''
2026-09-11 20:51:11.193 [main] INFO  o.s.t.w.s.TestDispatcherServlet - Initializing Servlet ''
2026-09-11 20:51:11.194 [main] INFO  o.s.t.w.s.TestDispatcherServlet - Completed initialization in 1 ms
2026-09-11 20:51:11.235 [main] INFO  c.miqu.admin.AdminAccessControlTest - Started AdminAccessControlTest in 3.098 seconds (process running for 3.947)
2026-09-11 20:51:11.264 [main] INFO  com.zaxxer.hikari.HikariDataSource - MiquHikariPool - Starting...
2026-09-11 20:51:11.498 [main] INFO  com.zaxxer.hikari.pool.HikariPool - MiquHikariPool - Added connection com.mysql.cj.jdbc.ConnectionImpl@6c06b1bc
2026-09-11 20:51:11.499 [main] INFO  com.zaxxer.hikari.HikariDataSource - MiquHikariPool - Start completed.
2026-09-11 20:51:12.870 [main] INFO  c.miqu.service.impl.AuthServiceImpl - 用户登录成功: userId=2, username=test001
2026-09-11 20:51:12.956 [main] DEBUG c.m.exception.GlobalExceptionHandler - 业务异常 [GET] /api/admin/stats -> 未登录或登录状态已失效
2026-09-11 20:51:13.022 [main] DEBUG c.m.exception.GlobalExceptionHandler - 业务异常 [GET] /api/admin/stats -> 无权限执行该操作
2026-09-11 20:51:13.160 [main] INFO  c.miqu.service.impl.AuthServiceImpl - 用户登录成功: userId=2, username=test001
2026-09-11 20:51:13.167 [main] DEBUG c.m.exception.GlobalExceptionHandler - 业务异常 [GET] /api/admin/stats -> 无权限执行该操作
2026-09-11 20:51:13.214 [main] DEBUG c.m.exception.GlobalExceptionHandler - 业务异常 [GET] /api/admin/users -> 无权限执行该操作
2026-09-11 20:51:13.218 [main] DEBUG c.m.exception.GlobalExceptionHandler - 业务异常 [GET] /api/admin/users/2 -> 无权限执行该操作
2026-09-11 20:51:13.224 [main] DEBUG c.m.exception.GlobalExceptionHandler - 业务异常 [PUT] /api/admin/users/2/status -> 无权限执行该操作
2026-09-11 20:51:13.227 [main] DEBUG c.m.exception.GlobalExceptionHandler - 业务异常 [GET] /api/admin/posts -> 无权限执行该操作
2026-09-11 20:51:13.234 [main] DEBUG c.m.exception.GlobalExceptionHandler - 业务异常 [DELETE] /api/admin/posts/1 -> 无权限执行该操作
2026-09-11 20:51:13.237 [main] DEBUG c.m.exception.GlobalExceptionHandler - 业务异常 [GET] /api/admin/comments -> 无权限执行该操作
2026-09-11 20:51:13.239 [main] DEBUG c.m.exception.GlobalExceptionHandler - 业务异常 [DELETE] /api/admin/comments/1 -> 无权限执行该操作
2026-09-11 20:51:13.242 [main] DEBUG c.m.exception.GlobalExceptionHandler - 业务异常 [GET] /api/admin/reports -> 无权限执行该操作
2026-09-11 20:51:13.245 [main] DEBUG c.m.exception.GlobalExceptionHandler - 业务异常 [PUT] /api/admin/reports/1/handle -> 无权限执行该操作
2026-09-11 20:51:13.248 [main] DEBUG c.m.exception.GlobalExceptionHandler - 业务异常 [GET] /api/admin/logs -> 无权限执行该操作
2026-09-11 20:51:13.256 [main] DEBUG c.m.exception.GlobalExceptionHandler - 业务异常 [GET] /api/admin/stats -> 未登录或登录状态已失效
2026-09-11 20:51:13.258 [main] DEBUG c.m.exception.GlobalExceptionHandler - 业务异常 [GET] /api/admin/users -> 未登录或登录状态已失效
2026-09-11 20:51:13.260 [main] DEBUG c.m.exception.GlobalExceptionHandler - 业务异常 [GET] /api/admin/users/2 -> 未登录或登录状态已失效
2026-09-11 20:51:13.261 [main] DEBUG c.m.exception.GlobalExceptionHandler - 业务异常 [PUT] /api/admin/users/2/status -> 未登录或登录状态已失效
2026-09-11 20:51:13.264 [main] DEBUG c.m.exception.GlobalExceptionHandler - 业务异常 [GET] /api/admin/posts -> 未登录或登录状态已失效
2026-09-11 20:51:13.265 [main] DEBUG c.m.exception.GlobalExceptionHandler - 业务异常 [DELETE] /api/admin/posts/1 -> 未登录或登录状态已失效
2026-09-11 20:51:13.266 [main] DEBUG c.m.exception.GlobalExceptionHandler - 业务异常 [GET] /api/admin/comments -> 未登录或登录状态已失效
2026-09-11 20:51:13.268 [main] DEBUG c.m.exception.GlobalExceptionHandler - 业务异常 [DELETE] /api/admin/comments/1 -> 未登录或登录状态已失效
2026-09-11 20:51:13.269 [main] DEBUG c.m.exception.GlobalExceptionHandler - 业务异常 [GET] /api/admin/reports -> 未登录或登录状态已失效
2026-09-11 20:51:13.270 [main] DEBUG c.m.exception.GlobalExceptionHandler - 业务异常 [PUT] /api/admin/reports/1/handle -> 未登录或登录状态已失效
2026-09-11 20:51:13.271 [main] DEBUG c.m.exception.GlobalExceptionHandler - 业务异常 [GET] /api/admin/logs -> 未登录或登录状态已失效
2026-09-11 20:51:13.346 [main] INFO  c.miqu.service.impl.AuthServiceImpl - 用户登录成功: userId=1, username=admin
2026-09-11 20:51:13.386 [main] INFO  o.s.t.c.s.AnnotationConfigContextLoaderUtils - Could not detect default configuration classes for test class [com.miqu.admin.AdminContentControllerTest]: AdminContentControllerTest does not declare any static, non-private, non-final, nested classes annotated with @Configuration.
2026-09-11 20:51:13.391 [main] INFO  o.s.b.t.c.SpringBootTestContextBootstrapper - Found @SpringBootConfiguration com.miqu.MiquApplication for test class com.miqu.admin.AdminContentControllerTest
2026-09-11 20:51:13.474 [main] INFO  c.miqu.service.impl.AuthServiceImpl - 用户登录成功: userId=1, username=admin
2026-09-11 20:51:13.491 [main] DEBUG c.m.exception.GlobalExceptionHandler - 业务异常 [DELETE] /api/admin/posts/999999 -> 动态不存在或已被删除
2026-09-11 20:51:13.569 [main] INFO  c.miqu.service.impl.AuthServiceImpl - 用户登录成功: userId=1, username=admin
2026-09-11 20:51:13.826 [main] INFO  c.miqu.service.impl.AuthServiceImpl - 用户登录成功: userId=1, username=admin
2026-09-11 20:51:13.948 [main] INFO  c.miqu.service.impl.AuthServiceImpl - 用户登录成功: userId=1, username=admin
2026-09-11 20:51:14.055 [main] INFO  c.miqu.service.impl.AuthServiceImpl - 用户登录成功: userId=1, username=admin
2026-09-11 20:51:14.180 [main] INFO  c.miqu.service.impl.AuthServiceImpl - 用户登录成功: userId=1, username=admin
2026-09-11 20:51:14.188 [main] DEBUG c.m.exception.GlobalExceptionHandler - 业务异常 [DELETE] /api/admin/comments/999999 -> 评论不存在或已被删除
2026-09-11 20:51:14.261 [main] INFO  c.miqu.service.impl.AuthServiceImpl - 用户登录成功: userId=1, username=admin
2026-09-11 20:51:14.443 [main] INFO  c.miqu.service.impl.AuthServiceImpl - 用户登录成功: userId=1, username=admin
2026-09-11 20:51:14.537 [main] INFO  c.miqu.service.impl.AuthServiceImpl - 用户登录成功: userId=1, username=admin
2026-09-11 20:51:14.600 [main] INFO  c.m.service.impl.CommentServiceImpl - 删除评论: commentId=1, postId=1, operatorId=1, 管理员=true
2026-09-11 20:51:14.618 [main] INFO  c.m.service.impl.AdminLogServiceImpl - 管理员操作: adminId=1, type=DELETE_COMMENT, target=(3, 1), ip=127.0.0.1
2026-09-11 20:51:14.713 [main] INFO  c.miqu.service.impl.AuthServiceImpl - 用户登录成功: userId=1, username=admin
2026-09-11 20:51:14.804 [main] INFO  c.miqu.service.impl.AuthServiceImpl - 用户登录成功: userId=1, username=admin
2026-09-11 20:51:14.893 [main] INFO  c.miqu.service.impl.AuthServiceImpl - 用户登录成功: userId=1, username=admin
2026-09-11 20:51:14.982 [main] INFO  c.miqu.service.impl.AuthServiceImpl - 用户登录成功: userId=1, username=admin
2026-09-11 20:51:15.004 [main] INFO  c.miqu.service.impl.PostServiceImpl - 删除动态: postId=1, operatorId=1, 作者=2, 管理员=true
2026-09-11 20:51:15.006 [main] INFO  c.m.service.impl.AdminLogServiceImpl - 管理员操作: adminId=1, type=DELETE_POST, target=(2, 1), ip=127.0.0.1
2026-09-11 20:51:15.008 [main] DEBUG c.m.exception.GlobalExceptionHandler - 业务异常 [GET] /api/posts/1 -> 动态不存在或已被删除
2026-09-11 20:51:15.017 [main] INFO  o.s.t.c.s.AnnotationConfigContextLoaderUtils - Could not detect default configuration classes for test class [com.miqu.admin.AdminReportControllerTest]: AdminReportControllerTest does not declare any static, non-private, non-final, nested classes annotated with @Configuration.
2026-09-11 20:51:15.023 [main] INFO  o.s.b.t.c.SpringBootTestContextBootstrapper - Found @SpringBootConfiguration com.miqu.MiquApplication for test class com.miqu.admin.AdminReportControllerTest
2026-09-11 20:51:15.095 [main] INFO  c.miqu.service.impl.AuthServiceImpl - 用户登录成功: userId=1, username=admin
2026-09-11 20:51:15.163 [main] INFO  c.miqu.service.impl.AuthServiceImpl - 用户登录成功: userId=2, username=test001
2026-09-11 20:51:15.181 [main] INFO  c.miqu.service.impl.PostServiceImpl - 删除动态: postId=1, operatorId=2, 作者=2, 管理员=false
2026-09-11 20:51:15.200 [main] INFO  c.miqu.service.impl.PostServiceImpl - 删除动态: postId=11, operatorId=1, 作者=19, 管理员=true
2026-09-11 20:51:15.202 [main] INFO  c.m.service.impl.AdminLogServiceImpl - 管理员操作: adminId=1, type=DELETE_POST, target=(2, 11), ip=127.0.0.1
2026-09-11 20:51:15.219 [main] INFO  c.m.service.impl.ReportServiceImpl - 举报的后置处置未执行（目标已不存在）: action=DELETE_POST, targetId=11, 原因=动态不存在或已被删除
2026-09-11 20:51:15.226 [main] INFO  c.m.service.impl.AdminLogServiceImpl - 管理员操作: adminId=1, type=HANDLE_REPORT, target=(4, 1), ip=127.0.0.1
2026-09-11 20:51:15.226 [main] INFO  c.m.service.impl.ReportServiceImpl - 处理举报: reportId=1, adminId=1, status=1, action=DELETE_POST
2026-09-11 20:51:15.296 [main] INFO  c.miqu.service.impl.AuthServiceImpl - 用户登录成功: userId=1, username=admin
2026-09-11 20:51:15.387 [main] INFO  c.miqu.service.impl.AuthServiceImpl - 用户登录成功: userId=1, username=admin
2026-09-11 20:51:15.447 [main] INFO  c.m.service.impl.CommentServiceImpl - 删除评论: commentId=20, postId=7, operatorId=1, 管理员=true
2026-09-11 20:51:15.455 [main] INFO  c.m.service.impl.AdminLogServiceImpl - 管理员操作: adminId=1, type=HANDLE_REPORT, target=(4, 3), ip=127.0.0.1
2026-09-11 20:51:15.455 [main] INFO  c.m.service.impl.ReportServiceImpl - 处理举报: reportId=3, adminId=1, status=1, action=DELETE_COMMENT
2026-09-11 20:51:15.544 [main] INFO  c.miqu.service.impl.AuthServiceImpl - 用户登录成功: userId=1, username=admin
2026-09-11 20:51:15.562 [main] INFO  c.m.service.impl.AdminLogServiceImpl - 管理员操作: adminId=1, type=HANDLE_REPORT, target=(4, 1), ip=127.0.0.1
2026-09-11 20:51:15.562 [main] INFO  c.m.service.impl.ReportServiceImpl - 处理举报: reportId=1, adminId=1, status=1, action=NONE
2026-09-11 20:51:15.579 [main] DEBUG c.m.exception.GlobalExceptionHandler - 业务异常 [PUT] /api/admin/reports/1/handle -> 该举报已被处理
2026-09-11 20:51:15.655 [main] INFO  c.miqu.service.impl.AuthServiceImpl - 用户登录成功: userId=1, username=admin
2026-09-11 20:51:15.661 [main] DEBUG c.m.exception.GlobalExceptionHandler - 业务异常 [PUT] /api/admin/reports/2/handle -> 该举报已被处理
2026-09-11 20:51:15.732 [main] INFO  c.miqu.service.impl.AuthServiceImpl - 用户登录成功: userId=1, username=admin
2026-09-11 20:51:15.820 [main] INFO  c.miqu.service.impl.AuthServiceImpl - 用户登录成功: userId=1, username=admin
2026-09-11 20:51:15.887 [main] INFO  c.miqu.service.impl.AuthServiceImpl - 用户登录成功: userId=2, username=test001
2026-09-11 20:51:15.899 [main] INFO  c.m.service.impl.ReportServiceImpl - 提交举报: reportId=27, reporterId=2, target=(1, 15)
2026-09-11 20:51:15.910 [main] INFO  c.miqu.service.impl.UserServiceImpl - 修改用户状态: targetUserId=15, status=0, operatorId=1
2026-09-11 20:51:15.911 [main] INFO  c.m.service.impl.AdminLogServiceImpl - 管理员操作: adminId=1, type=HANDLE_REPORT, target=(4, 27), ip=127.0.0.1
2026-09-11 20:51:15.912 [main] INFO  c.m.service.impl.ReportServiceImpl - 处理举报: reportId=27, adminId=1, status=1, action=DISABLE_USER
2026-09-11 20:51:15.982 [main] INFO  c.miqu.service.impl.AuthServiceImpl - 登录失败: userId=15, 原因=账号已禁用
2026-09-11 20:51:15.983 [main] DEBUG c.m.exception.GlobalExceptionHandler - 业务异常 [POST] /api/auth/login -> 账号已被禁用，请联系管理员
2026-09-11 20:51:16.057 [main] INFO  c.miqu.service.impl.AuthServiceImpl - 用户登录成功: userId=1, username=admin
2026-09-11 20:51:16.062 [main] DEBUG c.m.exception.GlobalExceptionHandler - 业务异常 [PUT] /api/admin/reports/1/handle -> 不支持的处置动作
2026-09-11 20:51:16.135 [main] INFO  c.miqu.service.impl.AuthServiceImpl - 用户登录成功: userId=1, username=admin
2026-09-11 20:51:16.142 [main] DEBUG c.m.exception.GlobalExceptionHandler - 业务异常 [PUT] /api/admin/reports/1/handle -> 驳回举报时不能同时执行处置动作
2026-09-11 20:51:16.215 [main] INFO  c.miqu.service.impl.AuthServiceImpl - 用户登录成功: userId=1, username=admin
2026-09-11 20:51:16.349 [main] INFO  c.miqu.service.impl.AuthServiceImpl - 用户登录成功: userId=1, username=admin
2026-09-11 20:51:16.356 [main] DEBUG c.m.exception.GlobalExceptionHandler - 业务异常 [PUT] /api/admin/reports/3/handle -> 处置动作与举报目标类型不匹配
2026-09-11 20:51:16.437 [main] INFO  c.miqu.service.impl.AuthServiceImpl - 用户登录成功: userId=1, username=admin
2026-09-11 20:51:16.444 [main] DEBUG c.m.exception.GlobalExceptionHandler - 业务异常 [PUT] /api/admin/reports/999999/handle -> 举报不存在
2026-09-11 20:51:16.521 [main] INFO  c.miqu.service.impl.AuthServiceImpl - 用户登录成功: userId=1, username=admin
2026-09-11 20:51:16.620 [main] INFO  c.miqu.service.impl.AuthServiceImpl - 用户登录成功: userId=1, username=admin
2026-09-11 20:51:16.635 [main] INFO  c.m.service.impl.AdminLogServiceImpl - 管理员操作: adminId=1, type=HANDLE_REPORT, target=(4, 1), ip=127.0.0.1
2026-09-11 20:51:16.635 [main] INFO  c.m.service.impl.ReportServiceImpl - 处理举报: reportId=1, adminId=1, status=2, action=NONE
2026-09-11 20:51:16.719 [main] INFO  c.miqu.service.impl.AuthServiceImpl - 用户登录成功: userId=1, username=admin
2026-09-11 20:51:16.805 [main] INFO  c.miqu.service.impl.AuthServiceImpl - 用户登录成功: userId=1, username=admin
2026-09-11 20:51:16.819 [main] INFO  c.m.service.impl.AdminLogServiceImpl - 管理员操作: adminId=1, type=HANDLE_REPORT, target=(4, 1), ip=127.0.0.1
2026-09-11 20:51:16.819 [main] INFO  c.m.service.impl.ReportServiceImpl - 处理举报: reportId=1, adminId=1, status=1, action=NONE
2026-09-11 20:51:16.903 [main] INFO  c.miqu.service.impl.AuthServiceImpl - 用户登录成功: userId=1, username=admin
2026-09-11 20:51:16.938 [main] INFO  c.miqu.service.impl.PostServiceImpl - 删除动态: postId=11, operatorId=1, 作者=19, 管理员=true
2026-09-11 20:51:16.946 [main] INFO  c.m.service.impl.AdminLogServiceImpl - 管理员操作: adminId=1, type=HANDLE_REPORT, target=(4, 1), ip=127.0.0.1
2026-09-11 20:51:16.946 [main] INFO  c.m.service.impl.ReportServiceImpl - 处理举报: reportId=1, adminId=1, status=1, action=DELETE_POST
2026-09-11 20:51:16.950 [main] DEBUG c.m.exception.GlobalExceptionHandler - 业务异常 [GET] /api/posts/11 -> 动态不存在或已被删除
2026-09-11 20:51:17.030 [main] INFO  c.miqu.service.impl.AuthServiceImpl - 用户登录成功: userId=1, username=admin
2026-09-11 20:51:17.075 [main] INFO  o.s.t.c.s.AnnotationConfigContextLoaderUtils - Could not detect default configuration classes for test class [com.miqu.admin.AdminStatsControllerTest]: AdminStatsControllerTest does not declare any static, non-private, non-final, nested classes annotated with @Configuration.
2026-09-11 20:51:17.077 [main] INFO  o.s.b.t.c.SpringBootTestContextBootstrapper - Found @SpringBootConfiguration com.miqu.MiquApplication for test class com.miqu.admin.AdminStatsControllerTest
2026-09-11 20:51:17.147 [main] INFO  c.miqu.service.impl.AuthServiceImpl - 用户登录成功: userId=1, username=admin
2026-09-11 20:51:17.171 [main] INFO  c.miqu.service.impl.PostServiceImpl - 删除动态: postId=3, operatorId=1, 作者=4, 管理员=true
2026-09-11 20:51:17.175 [main] INFO  c.m.service.impl.AdminLogServiceImpl - 管理员操作: adminId=1, type=DELETE_POST, target=(2, 3), ip=127.0.0.1
2026-09-11 20:51:17.253 [main] INFO  c.miqu.service.impl.AuthServiceImpl - 用户登录成功: userId=1, username=admin
2026-09-11 20:51:17.354 [main] INFO  c.miqu.service.impl.AuthServiceImpl - 用户登录成功: userId=1, username=admin
2026-09-11 20:51:17.440 [main] INFO  c.miqu.service.impl.AuthServiceImpl - 用户登录成功: userId=1, username=admin
2026-09-11 20:51:17.524 [main] INFO  c.miqu.service.impl.AuthServiceImpl - 用户登录成功: userId=1, username=admin
2026-09-11 20:51:17.650 [main] INFO  c.miqu.service.impl.AuthServiceImpl - 用户注册成功: userId=31, username=statstest
2026-09-11 20:51:17.740 [main] INFO  c.miqu.service.impl.AuthServiceImpl - 用户登录成功: userId=1, username=admin
2026-09-11 20:51:17.814 [main] INFO  c.miqu.service.impl.AuthServiceImpl - 用户登录成功: userId=3, username=test002
2026-09-11 20:51:17.833 [main] DEBUG c.m.s.impl.NotificationServiceImpl - 生成通知: type=3, receiverId=2, actorId=3, postId=1
2026-09-11 20:51:17.835 [main] INFO  c.m.service.impl.CommentServiceImpl - 发表评论: commentId=148, postId=1, userId=3
2026-09-11 20:51:17.921 [main] INFO  c.miqu.service.impl.AuthServiceImpl - 用户登录成功: userId=1, username=admin
2026-09-11 20:51:17.935 [main] INFO  c.m.service.impl.AdminLogServiceImpl - 管理员操作: adminId=1, type=HANDLE_REPORT, target=(4, 1), ip=127.0.0.1
2026-09-11 20:51:17.936 [main] INFO  c.m.service.impl.ReportServiceImpl - 处理举报: reportId=1, adminId=1, status=1, action=NONE
2026-09-11 20:51:18.038 [main] INFO  c.miqu.service.impl.AuthServiceImpl - 用户登录成功: userId=1, username=admin
2026-09-11 20:51:18.118 [main] INFO  c.miqu.service.impl.AuthServiceImpl - 用户登录成功: userId=1, username=admin
2026-09-11 20:51:18.135 [main] INFO  o.s.t.c.s.AnnotationConfigContextLoaderUtils - Could not detect default configuration classes for test class [com.miqu.admin.AdminUserControllerTest]: AdminUserControllerTest does not declare any static, non-private, non-final, nested classes annotated with @Configuration.
2026-09-11 20:51:18.138 [main] INFO  o.s.b.t.c.SpringBootTestContextBootstrapper - Found @SpringBootConfiguration com.miqu.MiquApplication for test class com.miqu.admin.AdminUserControllerTest
2026-09-11 20:51:18.207 [main] INFO  c.miqu.service.impl.AuthServiceImpl - 用户登录成功: userId=1, username=admin
2026-09-11 20:51:18.283 [main] INFO  c.miqu.service.impl.AuthServiceImpl - 用户登录成功: userId=1, username=admin
2026-09-11 20:51:18.366 [main] INFO  c.miqu.service.impl.AuthServiceImpl - 用户登录成功: userId=1, username=admin
2026-09-11 20:51:18.441 [main] INFO  c.miqu.service.impl.AuthServiceImpl - 用户登录成功: userId=1, username=admin
2026-09-11 20:51:18.449 [main] DEBUG c.m.exception.GlobalExceptionHandler - 业务异常 [GET] /api/admin/users/999999 -> 用户不存在
2026-09-11 20:51:18.519 [main] INFO  c.miqu.service.impl.AuthServiceImpl - 用户登录成功: userId=1, username=admin
2026-09-11 20:51:18.599 [main] INFO  c.miqu.service.impl.AuthServiceImpl - 用户登录成功: userId=1, username=admin
2026-09-11 20:51:18.669 [main] INFO  c.miqu.service.impl.AuthServiceImpl - 用户登录成功: userId=1, username=admin
2026-09-11 20:51:18.750 [main] INFO  c.miqu.service.impl.AuthServiceImpl - 用户登录成功: userId=1, username=admin
2026-09-11 20:51:18.765 [main] INFO  c.miqu.service.impl.UserServiceImpl - 修改用户状态: targetUserId=4, status=0, operatorId=1
2026-09-11 20:51:18.767 [main] INFO  c.m.service.impl.AdminLogServiceImpl - 管理员操作: adminId=1, type=DISABLE_USER, target=(1, 4), ip=127.0.0.1
2026-09-11 20:51:18.829 [main] INFO  c.miqu.service.impl.AuthServiceImpl - 用户登录成功: userId=4, username=test003
2026-09-11 20:51:18.897 [main] INFO  c.miqu.service.impl.AuthServiceImpl - 用户登录成功: userId=1, username=admin
2026-09-11 20:51:18.902 [main] INFO  c.miqu.service.impl.UserServiceImpl - 修改用户状态: targetUserId=4, status=0, operatorId=1
2026-09-11 20:51:18.903 [main] INFO  c.m.service.impl.AdminLogServiceImpl - 管理员操作: adminId=1, type=DISABLE_USER, target=(1, 4), ip=127.0.0.1
2026-09-11 20:51:18.904 [main] DEBUG c.m.exception.GlobalExceptionHandler - 业务异常 [GET] /api/users/me -> 账号已被禁用，请联系管理员
2026-09-11 20:51:18.967 [main] INFO  c.miqu.service.impl.AuthServiceImpl - 登录失败: userId=4, 原因=账号已禁用
2026-09-11 20:51:18.967 [main] DEBUG c.m.exception.GlobalExceptionHandler - 业务异常 [POST] /api/auth/login -> 账号已被禁用，请联系管理员
2026-09-11 20:51:19.035 [main] INFO  c.miqu.service.impl.AuthServiceImpl - 用户登录成功: userId=1, username=admin
2026-09-11 20:51:19.039 [main] DEBUG c.m.exception.GlobalExceptionHandler - 业务异常 [PUT] /api/admin/users/1/status -> 不能对自己执行该操作
2026-09-11 20:51:19.107 [main] INFO  c.miqu.service.impl.AuthServiceImpl - 用户登录成功: userId=1, username=admin
2026-09-11 20:51:19.186 [main] INFO  c.miqu.service.impl.AuthServiceImpl - 用户登录成功: userId=1, username=admin
2026-09-11 20:51:19.196 [main] INFO  c.miqu.service.impl.UserServiceImpl - 修改用户状态: targetUserId=12, status=1, operatorId=1
2026-09-11 20:51:19.197 [main] INFO  c.m.service.impl.AdminLogServiceImpl - 管理员操作: adminId=1, type=ENABLE_USER, target=(1, 12), ip=127.0.0.1
2026-09-11 20:51:19.261 [main] INFO  c.miqu.service.impl.AuthServiceImpl - 用户登录成功: userId=12, username=banned001
2026-09-11 20:51:19.334 [main] INFO  c.miqu.service.impl.AuthServiceImpl - 用户登录成功: userId=1, username=admin
2026-09-11 20:51:19.341 [main] DEBUG c.m.exception.GlobalExceptionHandler - 业务异常 [PUT] /api/admin/users/999999/status -> 用户不存在
2026-09-11 20:51:19.402 [main] INFO  c.miqu.service.impl.AuthServiceImpl - 用户登录成功: userId=1, username=admin
2026-09-11 20:51:19.426 [main] INFO  o.s.t.c.s.AnnotationConfigContextLoaderUtils - Could not detect default configuration classes for test class [com.miqu.auth.AuthControllerTest]: AuthControllerTest does not declare any static, non-private, non-final, nested classes annotated with @Configuration.
2026-09-11 20:51:19.457 [main] INFO  o.s.b.t.c.SpringBootTestContextBootstrapper - Found @SpringBootConfiguration com.miqu.MiquApplication for test class com.miqu.auth.AuthControllerTest
2026-09-11 20:51:19.478 [main] INFO  c.miqu.service.impl.AuthServiceImpl - 登录失败: username=deleted001, 原因=凭证不匹配
2026-09-11 20:51:19.478 [main] DEBUG c.m.exception.GlobalExceptionHandler - 业务异常 [POST] /api/auth/login -> 用户名或密码错误
2026-09-11 20:51:19.539 [main] INFO  c.miqu.service.impl.AuthServiceImpl - 登录失败: userId=12, 原因=账号已禁用
2026-09-11 20:51:19.539 [main] DEBUG c.m.exception.GlobalExceptionHandler - 业务异常 [POST] /api/auth/login -> 账号已被禁用，请联系管理员
2026-09-11 20:51:19.545 [main] INFO  c.miqu.service.impl.AuthServiceImpl - 登录失败: username=nosuchuser, 原因=凭证不匹配
2026-09-11 20:51:19.545 [main] DEBUG c.m.exception.GlobalExceptionHandler - 业务异常 [POST] /api/auth/login -> 用户名或密码错误
2026-09-11 20:51:19.622 [main] INFO  c.miqu.service.impl.AuthServiceImpl - 用户登录成功: userId=2, username=test001
2026-09-11 20:51:19.630 [main] DEBUG c.m.exception.GlobalExceptionHandler - 业务异常 [POST] /api/auth/logout -> 未登录或登录状态已失效
2026-09-11 20:51:19.706 [main] INFO  c.miqu.service.impl.AuthServiceImpl - 用户注册成功: userId=32, username=newuser001
2026-09-11 20:51:19.720 [main] DEBUG c.m.exception.GlobalExceptionHandler - 业务异常 [POST] /api/auth/register -> 邮箱已被注册
2026-09-11 20:51:19.785 [main] INFO  c.miqu.service.impl.AuthServiceImpl - 用户注册成功: userId=33, username=newuser002
2026-09-11 20:51:19.855 [main] INFO  c.miqu.service.impl.AuthServiceImpl - 登录失败: username=test001, 原因=凭证不匹配
2026-09-11 20:51:19.856 [main] DEBUG c.m.exception.GlobalExceptionHandler - 业务异常 [POST] /api/auth/login -> 用户名或密码错误
2026-09-11 20:51:19.862 [main] DEBUG c.m.exception.GlobalExceptionHandler - 业务异常 [POST] /api/auth/register -> 邮箱已被注册
2026-09-11 20:51:19.922 [main] INFO  c.miqu.service.impl.AuthServiceImpl - 用户登录成功: userId=2, username=test001
2026-09-11 20:51:19.925 [main] INFO  com.miqu.controller.AuthController - 用户退出登录: userId=2
2026-09-11 20:51:19.951 [main] DEBUG c.m.exception.GlobalExceptionHandler - 业务异常 [POST] /api/auth/register -> 用户名已被占用
2026-09-11 20:51:19.959 [main] INFO  o.s.t.c.s.AnnotationConfigContextLoaderUtils - Could not detect default configuration classes for test class [com.miqu.comment.CommentControllerTest]: CommentControllerTest does not declare any static, non-private, non-final, nested classes annotated with @Configuration.
2026-09-11 20:51:19.987 [main] INFO  o.s.b.t.c.SpringBootTestContextBootstrapper - Found @SpringBootConfiguration com.miqu.MiquApplication for test class com.miqu.comment.CommentControllerTest
2026-09-11 20:51:20.078 [main] INFO  c.miqu.service.impl.AuthServiceImpl - 用户登录成功: userId=3, username=test002
2026-09-11 20:51:20.085 [main] DEBUG c.m.s.impl.NotificationServiceImpl - 生成通知: type=3, receiverId=2, actorId=3, postId=1
2026-09-11 20:51:20.085 [main] INFO  c.m.service.impl.CommentServiceImpl - 发表评论: commentId=149, postId=1, userId=3
2026-09-11 20:51:20.091 [main] DEBUG c.m.exception.GlobalExceptionHandler - 业务异常 [DELETE] /api/comments/1 -> 未登录或登录状态已失效
2026-09-11 20:51:20.198 [main] INFO  c.miqu.service.impl.AuthServiceImpl - 用户登录成功: userId=3, username=test002
2026-09-11 20:51:20.280 [main] INFO  c.miqu.service.impl.AuthServiceImpl - 用户登录成功: userId=1, username=admin
2026-09-11 20:51:20.285 [main] INFO  c.m.service.impl.CommentServiceImpl - 删除评论: commentId=1, postId=1, operatorId=1, 管理员=true
2026-09-11 20:51:20.386 [main] INFO  c.miqu.service.impl.AuthServiceImpl - 用户登录成功: userId=3, username=test002
2026-09-11 20:51:20.394 [main] INFO  c.m.service.impl.CommentServiceImpl - 删除评论: commentId=1, postId=1, operatorId=3, 管理员=false
2026-09-11 20:51:20.397 [main] DEBUG c.m.exception.GlobalExceptionHandler - 业务异常 [DELETE] /api/comments/1 -> 评论不存在或已被删除
2026-09-11 20:51:20.473 [main] INFO  c.miqu.service.impl.AuthServiceImpl - 用户登录成功: userId=2, username=test001
2026-09-11 20:51:20.479 [main] DEBUG c.m.exception.GlobalExceptionHandler - 业务异常 [DELETE] /api/comments/1 -> 无权限执行该操作
2026-09-11 20:51:20.550 [main] INFO  c.miqu.service.impl.AuthServiceImpl - 用户登录成功: userId=3, username=test002
2026-09-11 20:51:20.554 [main] DEBUG c.m.exception.GlobalExceptionHandler - 业务异常 [POST] /api/posts/999999/comments -> 动态不存在或已被删除
2026-09-11 20:51:20.643 [main] INFO  c.miqu.service.impl.AuthServiceImpl - 用户登录成功: userId=3, username=test002
2026-09-11 20:51:20.659 [main] INFO  c.m.service.impl.CommentServiceImpl - 删除评论: commentId=1, postId=1, operatorId=3, 管理员=false
2026-09-11 20:51:20.681 [main] DEBUG c.m.exception.GlobalExceptionHandler - 业务异常 [GET] /api/posts/999999/comments -> 动态不存在或已被删除
2026-09-11 20:51:20.749 [main] INFO  c.miqu.service.impl.AuthServiceImpl - 用户登录成功: userId=3, username=test002
2026-09-11 20:51:20.787 [main] DEBUG c.m.exception.GlobalExceptionHandler - 业务异常 [POST] /api/posts/1/comments -> 未登录或登录状态已失效
2026-09-11 20:51:20.860 [main] INFO  c.miqu.service.impl.AuthServiceImpl - 用户登录成功: userId=3, username=test002
2026-09-11 20:51:20.864 [main] DEBUG c.m.exception.GlobalExceptionHandler - 业务异常 [DELETE] /api/comments/999999 -> 评论不存在或已被删除
2026-09-11 20:51:20.933 [main] INFO  c.miqu.service.impl.AuthServiceImpl - 用户登录成功: userId=2, username=test001
2026-09-11 20:51:20.939 [main] INFO  c.m.service.impl.CommentServiceImpl - 发表评论: commentId=150, postId=1, userId=2
2026-09-11 20:51:21.000 [main] INFO  c.miqu.service.impl.AuthServiceImpl - 用户登录成功: userId=3, username=test002
2026-09-11 20:51:21.015 [main] DEBUG c.m.s.impl.NotificationServiceImpl - 生成通知: type=3, receiverId=2, actorId=3, postId=1
2026-09-11 20:51:21.016 [main] INFO  c.m.service.impl.CommentServiceImpl - 发表评论: commentId=151, postId=1, userId=3
2026-09-11 20:51:21.107 [main] INFO  c.miqu.service.impl.AuthServiceImpl - 用户登录成功: userId=3, username=test002
2026-09-11 20:51:21.113 [main] DEBUG c.m.s.impl.NotificationServiceImpl - 生成通知: type=3, receiverId=2, actorId=3, postId=1
2026-09-11 20:51:21.114 [main] INFO  c.m.service.impl.CommentServiceImpl - 发表评论: commentId=152, postId=1, userId=3
2026-09-11 20:51:21.188 [main] INFO  c.miqu.service.impl.AuthServiceImpl - 用户登录成功: userId=3, username=test002
2026-09-11 20:51:21.195 [main] INFO  o.s.t.c.s.AnnotationConfigContextLoaderUtils - Could not detect default configuration classes for test class [com.miqu.common.EntitySchemaConsistencyTest]: EntitySchemaConsistencyTest does not declare any static, non-private, non-final, nested classes annotated with @Configuration.
2026-09-11 20:51:21.228 [main] INFO  o.s.b.t.c.SpringBootTestContextBootstrapper - Found @SpringBootConfiguration com.miqu.MiquApplication for test class com.miqu.common.EntitySchemaConsistencyTest
2026-09-11 20:51:21.284 [main] INFO  c.m.c.EntitySchemaConsistencyTest - Starting EntitySchemaConsistencyTest using Java 21.0.11 with PID 2716 (started by 张志鹏 in D:\Projects\Miqu\backend)
2026-09-11 20:51:21.284 [main] DEBUG c.m.c.EntitySchemaConsistencyTest - Running with Spring Boot v3.4.7, Spring v6.2.8
2026-09-11 20:51:21.284 [main] INFO  c.m.c.EntitySchemaConsistencyTest - The following 1 profile is active: "local"
2026-09-11 20:51:22.539 [main] WARN  o.s.w.s.r.ResourceHandlerUtils - Appended trailing slash to static resource location: file:///D:/Projects/Miqu/backend/uploads/
2026-09-11 20:51:22.635 [main] INFO  c.m.c.EntitySchemaConsistencyTest - Started EntitySchemaConsistencyTest in 1.403 seconds (process running for 15.348)
2026-09-11 20:51:22.642 [main] INFO  com.zaxxer.hikari.HikariDataSource - MiquHikariPool - Starting...
2026-09-11 20:51:22.653 [main] INFO  com.zaxxer.hikari.pool.HikariPool - MiquHikariPool - Added connection com.mysql.cj.jdbc.ConnectionImpl@2d2697a8
2026-09-11 20:51:22.653 [main] INFO  com.zaxxer.hikari.HikariDataSource - MiquHikariPool - Start completed.
2026-09-11 20:51:22.971 [main] INFO  o.s.t.c.s.AnnotationConfigContextLoaderUtils - Could not detect default configuration classes for test class [com.miqu.common.ResponseSerializationTest]: ResponseSerializationTest does not declare any static, non-private, non-final, nested classes annotated with @Configuration.
2026-09-11 20:51:22.974 [main] INFO  o.s.b.t.c.SpringBootTestContextBootstrapper - Found @SpringBootConfiguration com.miqu.MiquApplication for test class com.miqu.common.ResponseSerializationTest
2026-09-11 20:51:23.101 [main] INFO  c.miqu.service.impl.AuthServiceImpl - 用户登录成功: userId=2, username=test001
2026-09-11 20:51:23.184 [main] INFO  c.miqu.service.impl.AuthServiceImpl - 用户登录成功: userId=2, username=test001
2026-09-11 20:51:23.198 [main] DEBUG c.m.s.impl.NotificationServiceImpl - 生成通知: type=1, receiverId=9, actorId=2, postId=null
2026-09-11 20:51:23.198 [main] INFO  c.m.service.impl.FollowServiceImpl - 关注成功: followerId=2, followingId=9
2026-09-11 20:51:23.217 [main] INFO  c.miqu.service.impl.PostServiceImpl - 发布动态: postId=89, userId=2, imageCount=0
2026-09-11 20:51:23.225 [main] INFO  c.miqu.service.impl.PostServiceImpl - 点赞: postId=89, userId=2
2026-09-11 20:51:24.416 [main] ERROR c.miqu.controller.HealthController - 健康检查：数据库连接失败 - Access denied for user 'root'@'localhost'
2026-09-11 20:51:24.444 [main] ERROR c.miqu.controller.HealthController - 健康检查：数据库连接失败 - Access denied for user 'root'@'localhost' (using password: NO)
2026-09-11 20:51:24.832 [main] INFO  o.s.t.c.s.AnnotationConfigContextLoaderUtils - Could not detect default configuration classes for test class [com.miqu.follow.FollowControllerTest]: FollowControllerTest does not declare any static, non-private, non-final, nested classes annotated with @Configuration.
2026-09-11 20:51:24.954 [main] INFO  o.s.b.t.c.SpringBootTestContextBootstrapper - Found @SpringBootConfiguration com.miqu.MiquApplication for test class com.miqu.follow.FollowControllerTest
2026-09-11 20:51:25.293 [main] INFO  c.miqu.service.impl.AuthServiceImpl - 用户登录成功: userId=2, username=test001
2026-09-11 20:51:25.616 [main] INFO  c.miqu.service.impl.AuthServiceImpl - 用户登录成功: userId=2, username=test001
2026-09-11 20:51:25.679 [main] DEBUG c.m.exception.GlobalExceptionHandler - 业务异常 [POST] /api/users/9/follow -> 未登录或登录状态已失效
2026-09-11 20:51:25.719 [main] DEBUG c.m.exception.GlobalExceptionHandler - 业务异常 [DELETE] /api/users/4/follow -> 未登录或登录状态已失效
2026-09-11 20:51:25.843 [main] INFO  c.miqu.service.impl.AuthServiceImpl - 用户登录成功: userId=2, username=test001
2026-09-11 20:51:26.027 [main] INFO  c.miqu.service.impl.AuthServiceImpl - 用户登录成功: userId=2, username=test001
2026-09-11 20:51:26.065 [main] DEBUG c.m.s.impl.NotificationServiceImpl - 生成通知: type=1, receiverId=9, actorId=2, postId=null
2026-09-11 20:51:26.066 [main] INFO  c.m.service.impl.FollowServiceImpl - 关注成功: followerId=2, followingId=9
2026-09-11 20:51:26.244 [main] INFO  c.miqu.service.impl.AuthServiceImpl - 用户登录成功: userId=2, username=test001
2026-09-11 20:51:26.257 [main] DEBUG c.m.exception.GlobalExceptionHandler - 业务异常 [POST] /api/users/13/follow -> 用户不存在
2026-09-11 20:51:26.341 [main] INFO  c.miqu.service.impl.AuthServiceImpl - 用户登录成功: userId=2, username=test001
2026-09-11 20:51:26.402 [main] DEBUG c.m.exception.GlobalExceptionHandler - 业务异常 [GET] /api/users/999999/following -> 用户不存在
2026-09-11 20:51:26.416 [main] DEBUG c.m.exception.GlobalExceptionHandler - 业务异常 [GET] /api/users/me -> 未登录或登录状态已失效
2026-09-11 20:51:26.507 [main] INFO  c.miqu.service.impl.AuthServiceImpl - 用户登录成功: userId=2, username=test001
2026-09-11 20:51:26.568 [main] INFO  c.m.service.impl.FollowServiceImpl - 取消关注: followerId=2, followingId=4
2026-09-11 20:51:26.613 [main] DEBUG c.m.s.impl.NotificationServiceImpl - 生成通知: type=1, receiverId=4, actorId=2, postId=null
2026-09-11 20:51:26.613 [main] INFO  c.m.service.impl.FollowServiceImpl - 关注成功: followerId=2, followingId=4
2026-09-11 20:51:26.779 [main] INFO  c.miqu.service.impl.AuthServiceImpl - 用户登录成功: userId=2, username=test001
2026-09-11 20:51:26.838 [main] INFO  c.m.service.impl.FollowServiceImpl - 取消关注: followerId=2, followingId=4
2026-09-11 20:51:26.952 [main] INFO  c.miqu.service.impl.AuthServiceImpl - 用户登录成功: userId=2, username=test001
2026-09-11 20:51:26.962 [main] DEBUG c.m.exception.GlobalExceptionHandler - 业务异常 [POST] /api/users/12/follow -> 账号已被禁用，请联系管理员
2026-09-11 20:51:27.015 [main] DEBUG c.m.exception.GlobalExceptionHandler - 业务异常 [GET] /api/users/13 -> 用户不存在
2026-09-11 20:51:27.110 [main] INFO  c.miqu.service.impl.AuthServiceImpl - 用户登录成功: userId=2, username=test001
2026-09-11 20:51:27.121 [main] DEBUG c.m.exception.GlobalExceptionHandler - 业务异常 [POST] /api/users/3/follow -> 已经关注过该用户
2026-09-11 20:51:27.207 [main] INFO  c.miqu.service.impl.AuthServiceImpl - 用户登录成功: userId=2, username=test001
2026-09-11 20:51:27.225 [main] DEBUG c.m.s.impl.NotificationServiceImpl - 生成通知: type=1, receiverId=9, actorId=2, postId=null
2026-09-11 20:51:27.226 [main] INFO  c.m.service.impl.FollowServiceImpl - 关注成功: followerId=2, followingId=9
2026-09-11 20:51:27.320 [main] INFO  c.miqu.service.impl.AuthServiceImpl - 用户登录成功: userId=2, username=test001
2026-09-11 20:51:27.408 [main] INFO  c.miqu.service.impl.AuthServiceImpl - 用户登录成功: userId=2, username=test001
2026-09-11 20:51:27.415 [main] DEBUG c.m.exception.GlobalExceptionHandler - 业务异常 [DELETE] /api/users/9/follow -> 尚未关注该用户
2026-09-11 20:51:27.487 [main] INFO  c.miqu.service.impl.AuthServiceImpl - 用户登录成功: userId=2, username=test001
2026-09-11 20:51:27.498 [main] DEBUG c.m.exception.GlobalExceptionHandler - 业务异常 [POST] /api/users/999999/follow -> 用户不存在
2026-09-11 20:51:27.585 [main] INFO  c.miqu.service.impl.AuthServiceImpl - 用户登录成功: userId=2, username=test001
2026-09-11 20:51:27.685 [main] INFO  c.miqu.service.impl.AuthServiceImpl - 用户登录成功: userId=2, username=test001
2026-09-11 20:51:27.696 [main] DEBUG c.m.exception.GlobalExceptionHandler - 业务异常 [POST] /api/users/2/follow -> 不能关注自己
2026-09-11 20:51:27.789 [main] INFO  c.miqu.service.impl.AuthServiceImpl - 用户登录成功: userId=2, username=test001
2026-09-11 20:51:27.811 [main] DEBUG c.m.s.impl.NotificationServiceImpl - 生成通知: type=1, receiverId=9, actorId=2, postId=null
2026-09-11 20:51:27.811 [main] INFO  c.m.service.impl.FollowServiceImpl - 关注成功: followerId=2, followingId=9
2026-09-11 20:51:27.823 [main] INFO  o.s.t.c.s.AnnotationConfigContextLoaderUtils - Could not detect default configuration classes for test class [com.miqu.message.ConversationControllerTest]: ConversationControllerTest does not declare any static, non-private, non-final, nested classes annotated with @Configuration.
2026-09-11 20:51:27.876 [main] INFO  o.s.b.t.c.SpringBootTestContextBootstrapper - Found @SpringBootConfiguration com.miqu.MiquApplication for test class com.miqu.message.ConversationControllerTest
2026-09-11 20:51:27.955 [main] INFO  c.miqu.service.impl.AuthServiceImpl - 用户登录成功: userId=2, username=test001
2026-09-11 20:51:28.100 [main] INFO  c.miqu.service.impl.AuthServiceImpl - 用户登录成功: userId=2, username=test001
2026-09-11 20:51:28.115 [main] DEBUG c.m.exception.GlobalExceptionHandler - 业务异常 [GET] /api/conversations/4/messages -> 你不是该会话的参与者
2026-09-11 20:51:28.186 [main] INFO  c.miqu.service.impl.AuthServiceImpl - 用户登录成功: userId=4, username=test003
2026-09-11 20:51:28.306 [main] INFO  c.miqu.service.impl.AuthServiceImpl - 用户登录成功: userId=4, username=test003
2026-09-11 20:51:28.340 [main] DEBUG c.m.s.impl.ConversationServiceImpl - 会话标记已读: conversationId=4, userId=4
2026-09-11 20:51:28.417 [main] INFO  c.miqu.service.impl.AuthServiceImpl - 用户登录成功: userId=6, username=test005
2026-09-11 20:51:28.559 [main] INFO  c.miqu.service.impl.AuthServiceImpl - 用户登录成功: userId=2, username=test001
2026-09-11 20:51:28.676 [main] INFO  c.miqu.service.impl.AuthServiceImpl - 用户登录成功: userId=2, username=test001
2026-09-11 20:51:28.683 [main] DEBUG c.m.exception.GlobalExceptionHandler - 业务异常 [PUT] /api/conversations/4/read -> 你不是该会话的参与者
2026-09-11 20:51:28.757 [main] INFO  c.miqu.service.impl.AuthServiceImpl - 用户登录成功: userId=2, username=test001
2026-09-11 20:51:28.947 [main] INFO  c.miqu.service.impl.AuthServiceImpl - 用户登录成功: userId=6, username=test005
2026-09-11 20:51:29.015 [main] INFO  c.miqu.service.impl.AuthServiceImpl - 用户登录成功: userId=20, username=test017
2026-09-11 20:51:29.123 [main] INFO  c.miqu.service.impl.AuthServiceImpl - 用户登录成功: userId=2, username=test001
2026-09-11 20:51:29.231 [main] INFO  c.miqu.service.impl.AuthServiceImpl - 用户登录成功: userId=2, username=test001
2026-09-11 20:51:29.236 [main] DEBUG c.m.exception.GlobalExceptionHandler - 业务异常 [GET] /api/conversations/999999/messages -> 会话不存在
2026-09-11 20:51:29.302 [main] INFO  c.miqu.service.impl.AuthServiceImpl - 用户登录成功: userId=2, username=test001
2026-09-11 20:51:29.413 [main] INFO  c.miqu.service.impl.AuthServiceImpl - 用户登录成功: userId=2, username=test001
2026-09-11 20:51:29.418 [main] DEBUG c.m.exception.GlobalExceptionHandler - 业务异常 [PUT] /api/conversations/999999/read -> 会话不存在
2026-09-11 20:51:29.423 [main] DEBUG c.m.exception.GlobalExceptionHandler - 业务异常 [PUT] /api/conversations/1/read -> 未登录或登录状态已失效
2026-09-11 20:51:29.498 [main] INFO  c.miqu.service.impl.AuthServiceImpl - 用户登录成功: userId=2, username=test001
2026-09-11 20:51:29.541 [main] DEBUG c.m.exception.GlobalExceptionHandler - 业务异常 [GET] /api/conversations -> 未登录或登录状态已失效
2026-09-11 20:51:29.553 [main] DEBUG c.m.exception.GlobalExceptionHandler - 业务异常 [GET] /api/conversations/1/messages -> 未登录或登录状态已失效
2026-09-11 20:51:29.631 [main] INFO  c.miqu.service.impl.AuthServiceImpl - 用户登录成功: userId=2, username=test001
2026-09-11 20:51:29.765 [main] INFO  c.miqu.service.impl.AuthServiceImpl - 用户登录成功: userId=2, username=test001
2026-09-11 20:51:29.770 [main] DEBUG c.m.exception.GlobalExceptionHandler - 业务异常 [POST] /api/conversations -> 用户不存在
2026-09-11 20:51:29.840 [main] INFO  c.miqu.service.impl.AuthServiceImpl - 用户登录成功: userId=2, username=test001
2026-09-11 20:51:29.917 [main] INFO  c.miqu.service.impl.AuthServiceImpl - 用户登录成功: userId=2, username=test001
2026-09-11 20:51:29.922 [main] DEBUG c.m.exception.GlobalExceptionHandler - 业务异常 [POST] /api/conversations -> 不能给自己发送私信
2026-09-11 20:51:29.995 [main] INFO  c.miqu.service.impl.AuthServiceImpl - 用户登录成功: userId=2, username=test001
2026-09-11 20:51:30.002 [main] DEBUG c.m.exception.GlobalExceptionHandler - 业务异常 [POST] /api/conversations -> 账号已被禁用，请联系管理员
2026-09-11 20:51:30.072 [main] INFO  c.miqu.service.impl.AuthServiceImpl - 用户登录成功: userId=2, username=test001
2026-09-11 20:51:30.097 [main] DEBUG c.m.s.impl.ConversationServiceImpl - 会话标记已读: conversationId=1, userId=2
2026-09-11 20:51:30.188 [main] INFO  c.miqu.service.impl.AuthServiceImpl - 用户登录成功: userId=2, username=test001
2026-09-11 20:51:30.211 [main] INFO  o.s.t.c.s.AnnotationConfigContextLoaderUtils - Could not detect default configuration classes for test class [com.miqu.message.MessageControllerTest]: MessageControllerTest does not declare any static, non-private, non-final, nested classes annotated with @Configuration.
2026-09-11 20:51:30.216 [main] INFO  o.s.b.t.c.SpringBootTestContextBootstrapper - Found @SpringBootConfiguration com.miqu.MiquApplication for test class com.miqu.message.MessageControllerTest
2026-09-11 20:51:30.286 [main] INFO  c.miqu.service.impl.AuthServiceImpl - 用户登录成功: userId=2, username=test001
2026-09-11 20:51:30.358 [main] INFO  c.m.service.impl.MessageServiceImpl - 发送私信: messageId=95, conversationId=1, senderId=2, receiverId=3
2026-09-11 20:51:30.416 [main] INFO  c.miqu.service.impl.AuthServiceImpl - 用户登录成功: userId=2, username=test001
2026-09-11 20:51:30.432 [main] INFO  c.m.service.impl.MessageServiceImpl - 发送私信: messageId=96, conversationId=1, senderId=2, receiverId=3
2026-09-11 20:51:30.513 [main] INFO  c.miqu.service.impl.AuthServiceImpl - 用户登录成功: userId=2, username=test001
2026-09-11 20:51:30.585 [main] INFO  c.miqu.service.impl.AuthServiceImpl - 用户登录成功: userId=2, username=test001
2026-09-11 20:51:30.595 [main] INFO  c.m.service.impl.MessageServiceImpl - 发送私信: messageId=97, conversationId=27, senderId=2, receiverId=9
2026-09-11 20:51:30.705 [main] INFO  c.miqu.service.impl.AuthServiceImpl - 用户登录成功: userId=2, username=test001
2026-09-11 20:51:30.775 [main] INFO  c.miqu.service.impl.AuthServiceImpl - 用户登录成功: userId=2, username=test001
2026-09-11 20:51:30.862 [main] INFO  c.miqu.service.impl.AuthServiceImpl - 用户登录成功: userId=3, username=test002
2026-09-11 20:51:30.925 [main] INFO  c.miqu.service.impl.AuthServiceImpl - 用户登录成功: userId=2, username=test001
2026-09-11 20:51:30.946 [main] INFO  c.m.service.impl.MessageServiceImpl - 发送私信: messageId=98, conversationId=1, senderId=3, receiverId=2
2026-09-11 20:51:30.959 [main] DEBUG c.m.exception.GlobalExceptionHandler - 业务异常 [GET] /api/messages/unread-count -> 未登录或登录状态已失效
2026-09-11 20:51:31.041 [main] INFO  c.miqu.service.impl.AuthServiceImpl - 用户登录成功: userId=2, username=test001
2026-09-11 20:51:31.054 [main] INFO  c.m.service.impl.MessageServiceImpl - 发送私信: messageId=99, conversationId=2, senderId=2, receiverId=4
2026-09-11 20:51:31.169 [main] INFO  c.miqu.service.impl.AuthServiceImpl - 用户登录成功: userId=2, username=test001
2026-09-11 20:51:31.175 [main] DEBUG c.m.exception.GlobalExceptionHandler - 业务异常 [POST] /api/messages -> 不能给自己发送私信
2026-09-11 20:51:31.243 [main] INFO  c.miqu.service.impl.AuthServiceImpl - 用户登录成功: userId=2, username=test001
2026-09-11 20:51:31.248 [main] DEBUG c.m.exception.GlobalExceptionHandler - 业务异常 [POST] /api/messages -> 账号已被禁用，请联系管理员
2026-09-11 20:51:31.352 [main] INFO  c.miqu.service.impl.AuthServiceImpl - 用户登录成功: userId=2, username=test001
2026-09-11 20:51:31.356 [main] DEBUG c.m.exception.GlobalExceptionHandler - 业务异常 [POST] /api/messages -> 用户不存在
2026-09-11 20:51:31.428 [main] INFO  c.miqu.service.impl.AuthServiceImpl - 用户登录成功: userId=2, username=test001
2026-09-11 20:51:31.442 [main] INFO  c.m.service.impl.MessageServiceImpl - 发送私信: messageId=100, conversationId=28, senderId=2, receiverId=9
2026-09-11 20:51:31.513 [main] INFO  c.miqu.service.impl.AuthServiceImpl - 用户登录成功: userId=2, username=test001
2026-09-11 20:51:31.523 [main] INFO  c.m.service.impl.MessageServiceImpl - 发送私信: messageId=101, conversationId=29, senderId=2, receiverId=9
2026-09-11 20:51:31.594 [main] INFO  c.miqu.service.impl.AuthServiceImpl - 用户登录成功: userId=21, username=test018
2026-09-11 20:51:31.604 [main] DEBUG c.m.exception.GlobalExceptionHandler - 业务异常 [POST] /api/messages -> 未登录或登录状态已失效
2026-09-11 20:51:31.675 [main] INFO  c.miqu.service.impl.AuthServiceImpl - 用户登录成功: userId=2, username=test001
2026-09-11 20:51:31.678 [main] DEBUG c.m.exception.GlobalExceptionHandler - 业务异常 [POST] /api/messages -> 用户不存在
2026-09-11 20:51:31.684 [main] INFO  o.s.t.c.s.AnnotationConfigContextLoaderUtils - Could not detect default configuration classes for test class [com.miqu.MiquApplicationTests]: MiquApplicationTests does not declare any static, non-private, non-final, nested classes annotated with @Configuration.
2026-09-11 20:51:31.711 [main] INFO  o.s.b.t.c.SpringBootTestContextBootstrapper - Found @SpringBootConfiguration com.miqu.MiquApplication for test class com.miqu.MiquApplicationTests
2026-09-11 20:51:31.747 [main] INFO  o.s.t.c.s.AnnotationConfigContextLoaderUtils - Could not detect default configuration classes for test class [com.miqu.notification.NotificationControllerTest]: NotificationControllerTest does not declare any static, non-private, non-final, nested classes annotated with @Configuration.
2026-09-11 20:51:31.782 [main] INFO  o.s.b.t.c.SpringBootTestContextBootstrapper - Found @SpringBootConfiguration com.miqu.MiquApplication for test class com.miqu.notification.NotificationControllerTest
2026-09-11 20:51:31.872 [main] INFO  c.miqu.service.impl.AuthServiceImpl - 用户登录成功: userId=2, username=test001
2026-09-11 20:51:31.912 [main] DEBUG c.m.s.impl.NotificationServiceImpl - 通知全部标记已读: userId=2
2026-09-11 20:51:32.021 [main] INFO  c.miqu.service.impl.AuthServiceImpl - 用户登录成功: userId=2, username=test001
2026-09-11 20:51:32.129 [main] INFO  c.miqu.service.impl.AuthServiceImpl - 用户登录成功: userId=2, username=test001
2026-09-11 20:51:32.141 [main] DEBUG c.m.exception.GlobalExceptionHandler - 业务异常 [PUT] /api/notifications/read-all -> 未登录或登录状态已失效
2026-09-11 20:51:32.211 [main] INFO  c.miqu.service.impl.AuthServiceImpl - 用户登录成功: userId=2, username=test001
2026-09-11 20:51:32.275 [main] INFO  c.miqu.service.impl.AuthServiceImpl - 用户登录成功: userId=9, username=test008
2026-09-11 20:51:32.307 [main] DEBUG c.m.s.impl.NotificationServiceImpl - 生成通知: type=1, receiverId=9, actorId=2, postId=null
2026-09-11 20:51:32.307 [main] INFO  c.m.service.impl.FollowServiceImpl - 关注成功: followerId=2, followingId=9
2026-09-11 20:51:32.407 [main] INFO  c.miqu.service.impl.AuthServiceImpl - 用户登录成功: userId=2, username=test001
2026-09-11 20:51:32.479 [main] INFO  c.miqu.service.impl.AuthServiceImpl - 用户登录成功: userId=2, username=test001
2026-09-11 20:51:32.485 [main] DEBUG c.m.exception.GlobalExceptionHandler - 业务异常 [PUT] /api/notifications/999999/read -> 通知不存在
2026-09-11 20:51:32.490 [main] DEBUG c.m.exception.GlobalExceptionHandler - 业务异常 [GET] /api/notifications/unread-count -> 未登录或登录状态已失效
2026-09-11 20:51:32.564 [main] INFO  c.miqu.service.impl.AuthServiceImpl - 用户登录成功: userId=2, username=test001
2026-09-11 20:51:32.655 [main] INFO  c.miqu.service.impl.AuthServiceImpl - 用户登录成功: userId=2, username=test001
2026-09-11 20:51:32.757 [main] INFO  c.miqu.service.impl.AuthServiceImpl - 用户登录成功: userId=3, username=test002
2026-09-11 20:51:32.842 [main] INFO  c.miqu.service.impl.AuthServiceImpl - 用户登录成功: userId=2, username=test001
2026-09-11 20:51:32.847 [main] DEBUG c.m.s.impl.NotificationServiceImpl - 通知全部标记已读: userId=2
2026-09-11 20:51:32.907 [main] INFO  c.miqu.service.impl.AuthServiceImpl - 用户登录成功: userId=21, username=test018
2026-09-11 20:51:32.911 [main] DEBUG c.m.s.impl.NotificationServiceImpl - 通知全部标记已读: userId=21
2026-09-11 20:51:32.979 [main] INFO  c.miqu.service.impl.AuthServiceImpl - 用户登录成功: userId=2, username=test001
2026-09-11 20:51:33.011 [main] DEBUG c.m.exception.GlobalExceptionHandler - 业务异常 [PUT] /api/notifications/1/read -> 未登录或登录状态已失效
2026-09-11 20:51:33.016 [main] DEBUG c.m.exception.GlobalExceptionHandler - 业务异常 [GET] /api/notifications -> 未登录或登录状态已失效
2026-09-11 20:51:33.077 [main] INFO  c.miqu.service.impl.AuthServiceImpl - 用户登录成功: userId=2, username=test001
2026-09-11 20:51:33.154 [main] INFO  c.miqu.service.impl.AuthServiceImpl - 用户登录成功: userId=2, username=test001
2026-09-11 20:51:33.263 [main] INFO  c.miqu.service.impl.AuthServiceImpl - 用户登录成功: userId=2, username=test001
2026-09-11 20:51:33.346 [main] INFO  c.miqu.service.impl.AuthServiceImpl - 用户登录成功: userId=2, username=test001
2026-09-11 20:51:33.355 [main] DEBUG c.m.s.impl.NotificationServiceImpl - 生成通知: type=1, receiverId=9, actorId=2, postId=null
2026-09-11 20:51:33.355 [main] INFO  c.m.service.impl.FollowServiceImpl - 关注成功: followerId=2, followingId=9
2026-09-11 20:51:33.359 [main] DEBUG c.m.exception.GlobalExceptionHandler - 业务异常 [PUT] /api/notifications/120/read -> 无权限执行该操作
2026-09-11 20:51:33.364 [main] INFO  o.s.t.c.s.AnnotationConfigContextLoaderUtils - Could not detect default configuration classes for test class [com.miqu.post.PostControllerTest]: PostControllerTest does not declare any static, non-private, non-final, nested classes annotated with @Configuration.
2026-09-11 20:51:33.408 [main] INFO  o.s.b.t.c.SpringBootTestContextBootstrapper - Found @SpringBootConfiguration com.miqu.MiquApplication for test class com.miqu.post.PostControllerTest
2026-09-11 20:51:33.414 [main] DEBUG c.m.exception.GlobalExceptionHandler - 业务异常 [DELETE] /api/posts/1 -> 未登录或登录状态已失效
2026-09-11 20:51:33.487 [main] INFO  c.miqu.service.impl.AuthServiceImpl - 用户登录成功: userId=2, username=test001
2026-09-11 20:51:33.561 [main] INFO  c.miqu.service.impl.AuthServiceImpl - 用户登录成功: userId=2, username=test001
2026-09-11 20:51:33.650 [main] INFO  c.miqu.service.impl.AuthServiceImpl - 用户登录成功: userId=2, username=test001
2026-09-11 20:51:33.655 [main] DEBUG c.m.exception.GlobalExceptionHandler - 业务异常 [POST] /api/posts -> 图片地址不合法，请先通过上传接口获取
2026-09-11 20:51:33.727 [main] INFO  c.miqu.service.impl.AuthServiceImpl - 用户登录成功: userId=2, username=test001
2026-09-11 20:51:33.733 [main] INFO  c.miqu.service.impl.PostServiceImpl - 发布动态: postId=90, userId=2, imageCount=1
2026-09-11 20:51:33.750 [main] DEBUG c.m.exception.GlobalExceptionHandler - 业务异常 [GET] /api/posts/999999 -> 动态不存在或已被删除
2026-09-11 20:51:33.821 [main] INFO  c.miqu.service.impl.AuthServiceImpl - 用户登录成功: userId=2, username=test001
2026-09-11 20:51:33.909 [main] INFO  c.miqu.service.impl.AuthServiceImpl - 用户登录成功: userId=2, username=test001
2026-09-11 20:51:33.915 [main] INFO  c.miqu.service.impl.PostServiceImpl - 发布动态: postId=91, userId=2, imageCount=0
2026-09-11 20:51:33.936 [main] INFO  c.miqu.service.impl.PostServiceImpl - 删除动态: postId=91, operatorId=2, 作者=2, 管理员=false
2026-09-11 20:51:33.938 [main] DEBUG c.m.exception.GlobalExceptionHandler - 业务异常 [GET] /api/posts/91 -> 动态不存在或已被删除
2026-09-11 20:51:34.005 [main] INFO  c.miqu.service.impl.AuthServiceImpl - 用户登录成功: userId=2, username=test001
2026-09-11 20:51:34.011 [main] DEBUG c.m.exception.GlobalExceptionHandler - 业务异常 [DELETE] /api/posts/2 -> 无权限执行该操作
2026-09-11 20:51:34.077 [main] INFO  c.miqu.service.impl.AuthServiceImpl - 用户登录成功: userId=1, username=admin
2026-09-11 20:51:34.097 [main] INFO  c.miqu.service.impl.PostServiceImpl - 删除动态: postId=2, operatorId=1, 作者=3, 管理员=true
2026-09-11 20:51:34.099 [main] DEBUG c.m.exception.GlobalExceptionHandler - 业务异常 [GET] /api/posts/2 -> 动态不存在或已被删除
2026-09-11 20:51:34.164 [main] INFO  c.miqu.service.impl.AuthServiceImpl - 用户登录成功: userId=2, username=test001
2026-09-11 20:51:34.167 [main] DEBUG c.m.exception.GlobalExceptionHandler - 业务异常 [POST] /api/posts -> 动态内容与图片不能同时为空
2026-09-11 20:51:34.253 [main] INFO  c.miqu.service.impl.AuthServiceImpl - 用户登录成功: userId=2, username=test001
2026-09-11 20:51:34.260 [main] INFO  c.miqu.service.impl.PostServiceImpl - 发布动态: postId=92, userId=2, imageCount=0
2026-09-11 20:51:34.279 [main] DEBUG c.m.exception.GlobalExceptionHandler - 业务异常 [POST] /api/posts -> 未登录或登录状态已失效
2026-09-11 20:51:34.349 [main] INFO  c.miqu.service.impl.AuthServiceImpl - 用户登录成功: userId=2, username=test001
2026-09-11 20:51:34.353 [main] DEBUG c.m.exception.GlobalExceptionHandler - 业务异常 [DELETE] /api/posts/999999 -> 动态不存在或已被删除
2026-09-11 20:51:34.432 [main] INFO  c.miqu.service.impl.AuthServiceImpl - 用户登录成功: userId=2, username=test001
2026-09-11 20:51:34.444 [main] INFO  c.miqu.service.impl.PostServiceImpl - 删除动态: postId=1, operatorId=2, 作者=2, 管理员=false
2026-09-11 20:51:34.445 [main] DEBUG c.m.exception.GlobalExceptionHandler - 业务异常 [GET] /api/posts/1 -> 动态不存在或已被删除
2026-09-11 20:51:34.446 [main] DEBUG c.m.exception.GlobalExceptionHandler - 业务异常 [GET] /api/posts/1/comments -> 动态不存在或已被删除
2026-09-11 20:51:34.522 [main] INFO  c.miqu.service.impl.AuthServiceImpl - 用户登录成功: userId=2, username=test001
2026-09-11 20:51:34.528 [main] INFO  c.miqu.service.impl.PostServiceImpl - 发布动态: postId=93, userId=2, imageCount=0
2026-09-11 20:51:34.604 [main] INFO  c.miqu.service.impl.AuthServiceImpl - 用户登录成功: userId=2, username=test001
2026-09-11 20:51:34.610 [main] DEBUG c.m.exception.GlobalExceptionHandler - 业务异常 [GET] /api/posts -> 未登录或登录状态已失效
2026-09-11 20:51:34.676 [main] INFO  c.miqu.service.impl.AuthServiceImpl - 用户登录成功: userId=2, username=test001
2026-09-11 20:51:34.776 [main] INFO  c.miqu.service.impl.AuthServiceImpl - 用户登录成功: userId=2, username=test001
2026-09-11 20:51:34.793 [main] INFO  c.miqu.service.impl.PostServiceImpl - 发布动态: postId=94, userId=2, imageCount=2
2026-09-11 20:51:34.808 [main] INFO  o.s.t.c.s.AnnotationConfigContextLoaderUtils - Could not detect default configuration classes for test class [com.miqu.post.PostLikeControllerTest]: PostLikeControllerTest does not declare any static, non-private, non-final, nested classes annotated with @Configuration.
2026-09-11 20:51:34.811 [main] INFO  o.s.b.t.c.SpringBootTestContextBootstrapper - Found @SpringBootConfiguration com.miqu.MiquApplication for test class com.miqu.post.PostLikeControllerTest
2026-09-11 20:51:34.879 [main] INFO  c.miqu.service.impl.AuthServiceImpl - 用户登录成功: userId=2, username=test001
2026-09-11 20:51:34.883 [main] INFO  c.miqu.service.impl.PostServiceImpl - 发布动态: postId=95, userId=2, imageCount=0
2026-09-11 20:51:34.939 [main] INFO  c.miqu.service.impl.AuthServiceImpl - 用户登录成功: userId=3, username=test002
2026-09-11 20:51:34.946 [main] DEBUG c.m.s.impl.NotificationServiceImpl - 生成通知: type=2, receiverId=2, actorId=3, postId=95
2026-09-11 20:51:34.946 [main] INFO  c.miqu.service.impl.PostServiceImpl - 点赞: postId=95, userId=3
2026-09-11 20:51:34.952 [main] INFO  c.miqu.service.impl.PostServiceImpl - 取消点赞: postId=95, userId=3
2026-09-11 20:51:35.037 [main] INFO  c.miqu.service.impl.AuthServiceImpl - 用户登录成功: userId=2, username=test001
2026-09-11 20:51:35.047 [main] INFO  c.miqu.service.impl.PostServiceImpl - 发布动态: postId=96, userId=2, imageCount=0
2026-09-11 20:51:35.111 [main] INFO  c.miqu.service.impl.AuthServiceImpl - 用户登录成功: userId=3, username=test002
2026-09-11 20:51:35.118 [main] DEBUG c.m.s.impl.NotificationServiceImpl - 生成通知: type=2, receiverId=2, actorId=3, postId=96
2026-09-11 20:51:35.118 [main] INFO  c.miqu.service.impl.PostServiceImpl - 点赞: postId=96, userId=3
2026-09-11 20:51:35.121 [main] INFO  c.miqu.service.impl.PostServiceImpl - 取消点赞: postId=96, userId=3
2026-09-11 20:51:35.197 [main] INFO  c.miqu.service.impl.AuthServiceImpl - 用户登录成功: userId=2, username=test001
2026-09-11 20:51:35.204 [main] INFO  c.miqu.service.impl.PostServiceImpl - 发布动态: postId=97, userId=2, imageCount=0
2026-09-11 20:51:35.272 [main] INFO  c.miqu.service.impl.AuthServiceImpl - 用户登录成功: userId=3, username=test002
2026-09-11 20:51:35.278 [main] DEBUG c.m.exception.GlobalExceptionHandler - 业务异常 [DELETE] /api/posts/97/like -> 尚未点赞该动态
2026-09-11 20:51:35.347 [main] INFO  c.miqu.service.impl.AuthServiceImpl - 用户登录成功: userId=3, username=test002
2026-09-11 20:51:35.351 [main] DEBUG c.m.exception.GlobalExceptionHandler - 业务异常 [POST] /api/posts/999999/like -> 动态不存在或已被删除
2026-09-11 20:51:35.402 [main] INFO  c.miqu.service.impl.AuthServiceImpl - 用户登录成功: userId=2, username=test001
2026-09-11 20:51:35.406 [main] INFO  c.miqu.service.impl.PostServiceImpl - 发布动态: postId=98, userId=2, imageCount=0
2026-09-11 20:51:35.468 [main] INFO  c.miqu.service.impl.AuthServiceImpl - 用户登录成功: userId=3, username=test002
2026-09-11 20:51:35.474 [main] DEBUG c.m.s.impl.NotificationServiceImpl - 生成通知: type=2, receiverId=2, actorId=3, postId=98
2026-09-11 20:51:35.474 [main] INFO  c.miqu.service.impl.PostServiceImpl - 点赞: postId=98, userId=3
2026-09-11 20:51:35.476 [main] DEBUG c.m.exception.GlobalExceptionHandler - 业务异常 [POST] /api/posts/98/like -> 已经点赞过该动态
2026-09-11 20:51:35.534 [main] INFO  c.miqu.service.impl.AuthServiceImpl - 用户登录成功: userId=2, username=test001
2026-09-11 20:51:35.539 [main] INFO  c.miqu.service.impl.PostServiceImpl - 发布动态: postId=99, userId=2, imageCount=0
2026-09-11 20:51:35.607 [main] INFO  c.miqu.service.impl.AuthServiceImpl - 用户登录成功: userId=2, username=test001
2026-09-11 20:51:35.620 [main] INFO  c.miqu.service.impl.PostServiceImpl - 点赞: postId=99, userId=2
2026-09-11 20:51:35.693 [main] INFO  c.miqu.service.impl.AuthServiceImpl - 用户登录成功: userId=2, username=test001
2026-09-11 20:51:35.700 [main] INFO  c.miqu.service.impl.PostServiceImpl - 发布动态: postId=100, userId=2, imageCount=0
2026-09-11 20:51:35.771 [main] INFO  c.miqu.service.impl.AuthServiceImpl - 用户登录成功: userId=3, username=test002
2026-09-11 20:51:35.777 [main] DEBUG c.m.s.impl.NotificationServiceImpl - 生成通知: type=2, receiverId=2, actorId=3, postId=100
2026-09-11 20:51:35.777 [main] INFO  c.miqu.service.impl.PostServiceImpl - 点赞: postId=100, userId=3
2026-09-11 20:51:35.854 [main] INFO  c.miqu.service.impl.AuthServiceImpl - 用户登录成功: userId=2, username=test001
2026-09-11 20:51:35.876 [main] INFO  c.miqu.service.impl.PostServiceImpl - 发布动态: postId=101, userId=2, imageCount=0
2026-09-11 20:51:35.950 [main] INFO  c.miqu.service.impl.AuthServiceImpl - 用户登录成功: userId=3, username=test002
2026-09-11 20:51:35.956 [main] DEBUG c.m.s.impl.NotificationServiceImpl - 生成通知: type=2, receiverId=2, actorId=3, postId=101
2026-09-11 20:51:35.956 [main] INFO  c.miqu.service.impl.PostServiceImpl - 点赞: postId=101, userId=3
2026-09-11 20:51:35.960 [main] DEBUG c.m.exception.GlobalExceptionHandler - 业务异常 [POST] /api/posts/1/like -> 未登录或登录状态已失效
2026-09-11 20:51:36.016 [main] INFO  c.miqu.service.impl.AuthServiceImpl - 用户登录成功: userId=2, username=test001
2026-09-11 20:51:36.026 [main] INFO  c.miqu.service.impl.PostServiceImpl - 发布动态: postId=102, userId=2, imageCount=0
2026-09-11 20:51:36.088 [main] INFO  c.miqu.service.impl.AuthServiceImpl - 用户登录成功: userId=3, username=test002
2026-09-11 20:51:36.106 [main] DEBUG c.m.s.impl.NotificationServiceImpl - 生成通知: type=2, receiverId=2, actorId=3, postId=102
2026-09-11 20:51:36.106 [main] INFO  c.miqu.service.impl.PostServiceImpl - 点赞: postId=102, userId=3
2026-09-11 20:51:36.118 [main] INFO  c.miqu.service.impl.PostServiceImpl - 取消点赞: postId=102, userId=3
2026-09-11 20:51:36.132 [main] DEBUG c.m.s.impl.NotificationServiceImpl - 生成通知: type=2, receiverId=2, actorId=3, postId=102
2026-09-11 20:51:36.132 [main] INFO  c.miqu.service.impl.PostServiceImpl - 点赞: postId=102, userId=3
2026-09-11 20:51:36.203 [main] INFO  c.miqu.service.impl.AuthServiceImpl - 用户登录成功: userId=2, username=test001
2026-09-11 20:51:36.208 [main] INFO  c.miqu.service.impl.PostServiceImpl - 发布动态: postId=103, userId=2, imageCount=0
2026-09-11 20:51:36.280 [main] INFO  c.miqu.service.impl.AuthServiceImpl - 用户登录成功: userId=3, username=test002
2026-09-11 20:51:36.296 [main] DEBUG c.m.s.impl.NotificationServiceImpl - 生成通知: type=2, receiverId=2, actorId=3, postId=103
2026-09-11 20:51:36.296 [main] INFO  c.miqu.service.impl.PostServiceImpl - 点赞: postId=103, userId=3
2026-09-11 20:51:36.308 [main] INFO  c.miqu.service.impl.PostServiceImpl - 取消点赞: postId=103, userId=3
2026-09-11 20:51:36.322 [main] DEBUG c.m.s.impl.NotificationServiceImpl - 生成通知: type=2, receiverId=2, actorId=3, postId=103
2026-09-11 20:51:36.322 [main] INFO  c.miqu.service.impl.PostServiceImpl - 点赞: postId=103, userId=3
2026-09-11 20:51:36.350 [main] INFO  c.miqu.service.impl.PostServiceImpl - 取消点赞: postId=103, userId=3
2026-09-11 20:51:36.359 [main] DEBUG c.m.s.impl.NotificationServiceImpl - 生成通知: type=2, receiverId=2, actorId=3, postId=103
2026-09-11 20:51:36.359 [main] INFO  c.miqu.service.impl.PostServiceImpl - 点赞: postId=103, userId=3
2026-09-11 20:51:36.370 [main] INFO  c.miqu.service.impl.PostServiceImpl - 取消点赞: postId=103, userId=3
2026-09-11 20:51:36.439 [main] INFO  c.miqu.service.impl.AuthServiceImpl - 用户登录成功: userId=2, username=test001
2026-09-11 20:51:36.448 [main] INFO  c.miqu.service.impl.PostServiceImpl - 发布动态: postId=104, userId=2, imageCount=0
2026-09-11 20:51:36.511 [main] INFO  c.miqu.service.impl.AuthServiceImpl - 用户登录成功: userId=3, username=test002
2026-09-11 20:51:36.519 [main] DEBUG c.m.s.impl.NotificationServiceImpl - 生成通知: type=2, receiverId=2, actorId=3, postId=104
2026-09-11 20:51:36.519 [main] INFO  c.miqu.service.impl.PostServiceImpl - 点赞: postId=104, userId=3
2026-09-11 20:51:36.584 [main] INFO  c.miqu.service.impl.AuthServiceImpl - 用户登录成功: userId=4, username=test003
2026-09-11 20:51:36.599 [main] DEBUG c.m.s.impl.NotificationServiceImpl - 生成通知: type=2, receiverId=2, actorId=4, postId=104
2026-09-11 20:51:36.599 [main] INFO  c.miqu.service.impl.PostServiceImpl - 点赞: postId=104, userId=4
2026-09-11 20:51:36.663 [main] INFO  c.miqu.service.impl.AuthServiceImpl - 用户登录成功: userId=5, username=test004
2026-09-11 20:51:36.677 [main] DEBUG c.m.s.impl.NotificationServiceImpl - 生成通知: type=2, receiverId=2, actorId=5, postId=104
2026-09-11 20:51:36.677 [main] INFO  c.miqu.service.impl.PostServiceImpl - 点赞: postId=104, userId=5
2026-09-11 20:51:36.687 [main] INFO  o.s.t.c.s.AnnotationConfigContextLoaderUtils - Could not detect default configuration classes for test class [com.miqu.report.ReportControllerTest]: ReportControllerTest does not declare any static, non-private, non-final, nested classes annotated with @Configuration.
2026-09-11 20:51:36.715 [main] INFO  o.s.b.t.c.SpringBootTestContextBootstrapper - Found @SpringBootConfiguration com.miqu.MiquApplication for test class com.miqu.report.ReportControllerTest
2026-09-11 20:51:36.785 [main] INFO  c.miqu.service.impl.AuthServiceImpl - 用户登录成功: userId=2, username=test001
2026-09-11 20:51:36.791 [main] DEBUG c.m.exception.GlobalExceptionHandler - 业务异常 [POST] /api/reports -> 不能举报自己
2026-09-11 20:51:36.850 [main] INFO  c.miqu.service.impl.AuthServiceImpl - 用户登录成功: userId=2, username=test001
2026-09-11 20:51:36.856 [main] INFO  c.m.service.impl.ReportServiceImpl - 提交举报: reportId=28, reporterId=2, target=(2, 2)
2026-09-11 20:51:36.858 [main] DEBUG c.m.exception.GlobalExceptionHandler - 业务异常 [POST] /api/reports -> 你已经举报过该内容
2026-09-11 20:51:36.927 [main] INFO  c.miqu.service.impl.AuthServiceImpl - 用户登录成功: userId=2, username=test001
2026-09-11 20:51:36.931 [main] INFO  c.m.service.impl.ReportServiceImpl - 提交举报: reportId=29, reporterId=2, target=(1, 15)
2026-09-11 20:51:36.991 [main] INFO  c.miqu.service.impl.AuthServiceImpl - 用户登录成功: userId=2, username=test001
2026-09-11 20:51:36.996 [main] INFO  c.m.service.impl.ReportServiceImpl - 提交举报: reportId=30, reporterId=2, target=(3, 1)
2026-09-11 20:51:36.999 [main] DEBUG c.m.exception.GlobalExceptionHandler - 业务异常 [POST] /api/reports -> 未登录或登录状态已失效
2026-09-11 20:51:37.068 [main] INFO  c.miqu.service.impl.AuthServiceImpl - 用户登录成功: userId=2, username=test001
2026-09-11 20:51:37.073 [main] INFO  c.m.service.impl.ReportServiceImpl - 提交举报: reportId=31, reporterId=2, target=(2, 2)
2026-09-11 20:51:37.133 [main] INFO  c.miqu.service.impl.AuthServiceImpl - 用户登录成功: userId=2, username=test001
2026-09-11 20:51:37.195 [main] INFO  c.miqu.service.impl.AuthServiceImpl - 用户登录成功: userId=1, username=admin
2026-09-11 20:51:37.232 [main] INFO  c.m.service.impl.ReportServiceImpl - 提交举报: reportId=32, reporterId=2, target=(2, 2)
2026-09-11 20:51:37.308 [main] INFO  c.miqu.service.impl.AuthServiceImpl - 用户登录成功: userId=2, username=test001
2026-09-11 20:51:37.311 [main] DEBUG c.m.exception.GlobalExceptionHandler - 业务异常 [POST] /api/reports -> 用户不存在
2026-09-11 20:51:37.377 [main] INFO  c.miqu.service.impl.AuthServiceImpl - 用户登录成功: userId=2, username=test001
2026-09-11 20:51:37.449 [main] INFO  c.miqu.service.impl.AuthServiceImpl - 用户登录成功: userId=2, username=test001
2026-09-11 20:51:37.455 [main] INFO  c.m.service.impl.ReportServiceImpl - 提交举报: reportId=33, reporterId=2, target=(1, 12)
2026-09-11 20:51:37.516 [main] INFO  c.miqu.service.impl.AuthServiceImpl - 用户登录成功: userId=2, username=test001
2026-09-11 20:51:37.520 [main] DEBUG c.m.exception.GlobalExceptionHandler - 业务异常 [POST] /api/reports -> 动态不存在或已被删除
2026-09-11 20:51:37.520 [main] DEBUG c.m.exception.GlobalExceptionHandler - 业务异常 [POST] /api/reports -> 用户不存在
2026-09-11 20:51:37.522 [main] DEBUG c.m.exception.GlobalExceptionHandler - 业务异常 [POST] /api/reports -> 评论不存在或已被删除
2026-09-11 20:51:37.583 [main] INFO  c.miqu.service.impl.AuthServiceImpl - 用户登录成功: userId=2, username=test001
2026-09-11 20:51:37.653 [main] INFO  c.miqu.service.impl.AuthServiceImpl - 用户登录成功: userId=2, username=test001
2026-09-11 20:51:37.657 [main] DEBUG c.m.exception.GlobalExceptionHandler - 业务异常 [POST] /api/reports -> 不能举报自己
2026-09-11 20:51:37.659 [main] INFO  o.s.t.c.s.AnnotationConfigContextLoaderUtils - Could not detect default configuration classes for test class [com.miqu.user.UserControllerTest]: UserControllerTest does not declare any static, non-private, non-final, nested classes annotated with @Configuration.
2026-09-11 20:51:37.686 [main] INFO  o.s.b.t.c.SpringBootTestContextBootstrapper - Found @SpringBootConfiguration com.miqu.MiquApplication for test class com.miqu.user.UserControllerTest
2026-09-11 20:51:37.772 [main] INFO  c.miqu.service.impl.AuthServiceImpl - 用户登录成功: userId=2, username=test001
2026-09-11 20:51:37.858 [main] INFO  c.miqu.service.impl.AuthServiceImpl - 用户登录成功: userId=2, username=test001
2026-09-11 20:51:37.871 [main] DEBUG c.m.exception.GlobalExceptionHandler - 业务异常 [GET] /api/users/me -> 账号已被禁用，请联系管理员
2026-09-11 20:51:37.876 [main] DEBUG c.m.exception.GlobalExceptionHandler - 业务异常 [GET] /api/users/me -> 未登录或登录状态已失效
2026-09-11 20:51:37.940 [main] INFO  c.miqu.service.impl.AuthServiceImpl - 用户登录成功: userId=2, username=test001
2026-09-11 20:51:38.080 [main] DEBUG c.m.exception.GlobalExceptionHandler - 业务异常 [PUT] /api/users/me/password -> 新密码不能与原密码相同
2026-09-11 20:51:38.133 [main] INFO  c.miqu.service.impl.AuthServiceImpl - 用户登录成功: userId=2, username=test001
2026-09-11 20:51:38.141 [main] DEBUG com.miqu.security.JwtTokenProvider - JWT 解析失败：Invalid compact JWT string: Compact JWSs must contain exactly 2 period characters, and compact JWEs must contain exactly 4.  Found: 3
2026-09-11 20:51:38.141 [main] DEBUG c.m.exception.GlobalExceptionHandler - 业务异常 [GET] /api/users/me -> 未登录或登录状态已失效
2026-09-11 20:51:38.212 [main] INFO  c.miqu.service.impl.AuthServiceImpl - 用户登录成功: userId=2, username=test001
2026-09-11 20:51:38.281 [main] INFO  c.miqu.service.impl.AuthServiceImpl - 用户登录成功: userId=2, username=test001
2026-09-11 20:51:38.344 [main] DEBUG c.m.exception.GlobalExceptionHandler - 业务异常 [PUT] /api/users/me/password -> 原密码不正确
2026-09-11 20:51:38.410 [main] INFO  c.miqu.service.impl.AuthServiceImpl - 用户登录成功: userId=2, username=test001
2026-09-11 20:51:38.593 [main] INFO  c.miqu.service.impl.UserServiceImpl - 用户修改密码: userId=2
2026-09-11 20:51:38.644 [main] INFO  c.miqu.service.impl.AuthServiceImpl - 登录失败: username=test001, 原因=凭证不匹配
2026-09-11 20:51:38.645 [main] DEBUG c.m.exception.GlobalExceptionHandler - 业务异常 [POST] /api/auth/login -> 用户名或密码错误
2026-09-11 20:51:38.707 [main] INFO  c.miqu.service.impl.AuthServiceImpl - 用户登录成功: userId=2, username=test001
2026-09-11 20:51:38.762 [main] INFO  c.miqu.service.impl.AuthServiceImpl - 用户登录成功: userId=2, username=test001
2026-09-11 20:51:38.764 [main] INFO  c.miqu.service.impl.UserServiceImpl - 用户修改头像: userId=2
2026-09-11 20:51:38.770 [main] DEBUG c.m.exception.GlobalExceptionHandler - 业务异常 [PUT] /api/users/me -> 未登录或登录状态已失效
2026-09-11 20:51:38.838 [main] INFO  c.miqu.service.impl.AuthServiceImpl - 用户登录成功: userId=2, username=test001
2026-09-11 20:51:38.840 [main] DEBUG c.m.exception.GlobalExceptionHandler - 业务异常 [GET] /api/users/me -> 未登录或登录状态已失效
2026-09-11 20:51:38.909 [main] INFO  c.miqu.service.impl.AuthServiceImpl - 用户登录成功: userId=2, username=test001
2026-09-11 20:51:38.913 [main] INFO  c.miqu.service.impl.UserServiceImpl - 用户修改资料: userId=2
2026-09-11 20:51:38.979 [main] INFO  c.miqu.service.impl.AuthServiceImpl - 用户登录成功: userId=2, username=test001
2026-09-11 20:51:38.986 [main] DEBUG c.m.exception.GlobalExceptionHandler - 业务异常 [GET] /api/users/me -> 未登录或登录状态已失效
2026-09-11 20:51:38.990 [main] DEBUG c.m.exception.GlobalExceptionHandler - 业务异常 [GET] /api/users/me -> 未登录或登录状态已失效
2026-09-11 20:51:38.996 [main] INFO  o.s.t.c.s.AnnotationConfigContextLoaderUtils - Could not detect default configuration classes for test class [com.miqu.user.UserSearchTest]: UserSearchTest does not declare any static, non-private, non-final, nested classes annotated with @Configuration.
2026-09-11 20:51:38.999 [main] INFO  o.s.b.t.c.SpringBootTestContextBootstrapper - Found @SpringBootConfiguration com.miqu.MiquApplication for test class com.miqu.user.UserSearchTest
2026-09-11 20:51:39.085 [main] INFO  c.miqu.service.impl.AuthServiceImpl - 用户登录成功: userId=2, username=test001
2026-09-11 20:51:39.228 [SpringApplicationShutdownHook] INFO  com.zaxxer.hikari.HikariDataSource - MiquHikariPool - Shutdown initiated...
2026-09-11 20:51:39.252 [SpringApplicationShutdownHook] INFO  com.zaxxer.hikari.HikariDataSource - MiquHikariPool - Shutdown completed.
2026-09-11 20:51:39.257 [SpringApplicationShutdownHook] INFO  com.zaxxer.hikari.HikariDataSource - MiquHikariPool - Shutdown initiated...
2026-09-11 20:51:39.259 [SpringApplicationShutdownHook] INFO  com.zaxxer.hikari.HikariDataSource - MiquHikariPool - Shutdown completed.
2026-09-11 20:51:48.505 [background-preinit] INFO  o.h.validator.internal.util.Version - HV000001: Hibernate Validator 8.0.2.Final
2026-09-11 20:51:48.538 [main] INFO  com.miqu.MiquApplication - Starting MiquApplication v1.0.0 using Java 25 with PID 48404 (D:\Projects\Miqu\backend\target\miqu-backend-1.0.0.jar started by 张志鹏 in D:\Projects\Miqu\backend)
2026-09-11 20:51:48.539 [main] DEBUG com.miqu.MiquApplication - Running with Spring Boot v3.4.7, Spring v6.2.8
2026-09-11 20:51:48.539 [main] INFO  com.miqu.MiquApplication - The following 1 profile is active: "local"
2026-09-11 20:51:49.418 [main] INFO  o.s.b.w.e.tomcat.TomcatWebServer - Tomcat initialized with port 8099 (http)
2026-09-11 20:51:49.427 [main] INFO  o.a.coyote.http11.Http11NioProtocol - Initializing ProtocolHandler ["http-nio-8099"]
2026-09-11 20:51:49.429 [main] INFO  o.a.catalina.core.StandardService - Starting service [Tomcat]
2026-09-11 20:51:49.429 [main] INFO  o.a.catalina.core.StandardEngine - Starting Servlet engine: [Apache Tomcat/10.1.42]
2026-09-11 20:51:49.454 [main] INFO  o.a.c.c.C.[Tomcat].[localhost].[/] - Initializing Spring embedded WebApplicationContext
2026-09-11 20:51:49.454 [main] INFO  o.s.b.w.s.c.ServletWebServerApplicationContext - Root WebApplicationContext: initialization completed in 887 ms
2026-09-11 20:51:49.786 [main] DEBUG c.m.security.JwtAuthenticationFilter - Filter 'jwtAuthenticationFilter' configured for use
2026-09-11 20:51:50.290 [main] WARN  o.s.w.s.r.ResourceHandlerUtils - Appended trailing slash to static resource location: file:///D:/Projects/Miqu/backend/uploads/
2026-09-11 20:51:50.481 [main] INFO  o.a.coyote.http11.Http11NioProtocol - Starting ProtocolHandler ["http-nio-8099"]
2026-09-11 20:51:50.502 [main] INFO  o.s.b.w.e.tomcat.TomcatWebServer - Tomcat started on port 8099 (http) with context path '/'
2026-09-11 20:51:50.511 [main] INFO  com.miqu.MiquApplication - Started MiquApplication in 2.373 seconds (process running for 2.636)
2026-09-11 20:51:50.513 [main] INFO  com.zaxxer.hikari.HikariDataSource - MiquHikariPool - Starting...
2026-09-11 20:51:50.607 [main] INFO  com.zaxxer.hikari.pool.HikariPool - MiquHikariPool - Added connection com.mysql.cj.jdbc.ConnectionImpl@2493eec6
2026-09-11 20:51:50.608 [main] INFO  com.zaxxer.hikari.HikariDataSource - MiquHikariPool - Start completed.
2026-09-11 20:51:50.610 [main] INFO  com.miqu.MiquApplication - 数据库连接正常：jdbc:mysql://localhost:3306/miqu?serverTimezone=Asia/Shanghai&characterEncoding=utf8&useSSL=false&allowPublicKeyRetrieval=true&rewriteBatchedStatements=true
2026-09-11 20:51:50.613 [main] INFO  com.miqu.MiquApplication - 
----------------------------------------------------------
  Miqu 觅取社交系统启动完成
  接口文档: http://localhost:8099/swagger-ui.html
  健康检查: http://localhost:8099/api/health
----------------------------------------------------------
2026-09-11 20:53:24.402 [background-preinit] INFO  o.h.validator.internal.util.Version - HV000001: Hibernate Validator 8.0.2.Final
2026-09-11 20:53:24.432 [main] INFO  com.miqu.MiquApplication - Starting MiquApplication v1.0.0 using Java 25 with PID 36080 (D:\Projects\Miqu\backend\target\miqu-backend-1.0.0.jar started by 张志鹏 in D:\Projects\Miqu\backend)
2026-09-11 20:53:24.433 [main] DEBUG com.miqu.MiquApplication - Running with Spring Boot v3.4.7, Spring v6.2.8
2026-09-11 20:53:24.433 [main] INFO  com.miqu.MiquApplication - The following 1 profile is active: "local"
2026-09-11 20:53:25.334 [main] INFO  o.s.b.w.e.tomcat.TomcatWebServer - Tomcat initialized with port 8098 (http)
2026-09-11 20:53:25.344 [main] INFO  o.a.coyote.http11.Http11NioProtocol - Initializing ProtocolHandler ["http-nio-8098"]
2026-09-11 20:53:25.345 [main] INFO  o.a.catalina.core.StandardService - Starting service [Tomcat]
2026-09-11 20:53:25.346 [main] INFO  o.a.catalina.core.StandardEngine - Starting Servlet engine: [Apache Tomcat/10.1.42]
2026-09-11 20:53:25.379 [main] INFO  o.a.c.c.C.[Tomcat].[localhost].[/] - Initializing Spring embedded WebApplicationContext
2026-09-11 20:53:25.379 [main] INFO  o.s.b.w.s.c.ServletWebServerApplicationContext - Root WebApplicationContext: initialization completed in 916 ms
2026-09-11 20:53:25.688 [main] DEBUG c.m.security.JwtAuthenticationFilter - Filter 'jwtAuthenticationFilter' configured for use
2026-09-11 20:53:26.156 [main] WARN  o.s.w.s.r.ResourceHandlerUtils - Appended trailing slash to static resource location: file:///D:/Projects/Miqu/backend/uploads/
2026-09-11 20:53:26.338 [main] INFO  o.a.coyote.http11.Http11NioProtocol - Starting ProtocolHandler ["http-nio-8098"]
2026-09-11 20:53:26.364 [main] INFO  o.s.b.w.e.tomcat.TomcatWebServer - Tomcat started on port 8098 (http) with context path '/'
2026-09-11 20:53:26.372 [main] INFO  com.miqu.MiquApplication - Started MiquApplication in 2.322 seconds (process running for 2.578)
2026-09-11 20:53:26.375 [main] INFO  com.zaxxer.hikari.HikariDataSource - MiquHikariPool - Starting...
2026-09-11 20:53:26.493 [main] INFO  com.zaxxer.hikari.pool.HikariPool - MiquHikariPool - Added connection com.mysql.cj.jdbc.ConnectionImpl@c0013b8
2026-09-11 20:53:26.495 [main] INFO  com.zaxxer.hikari.HikariDataSource - MiquHikariPool - Start completed.
2026-09-11 20:53:26.497 [main] INFO  com.miqu.MiquApplication - 数据库连接正常：jdbc:mysql://localhost:3306/miqu?serverTimezone=Asia/Shanghai&characterEncoding=utf8&useSSL=false&allowPublicKeyRetrieval=true&rewriteBatchedStatements=true
2026-09-11 20:53:26.499 [main] INFO  com.miqu.MiquApplication - 
----------------------------------------------------------
  Miqu 觅取社交系统启动完成
  接口文档: http://localhost:8098/swagger-ui.html
  健康检查: http://localhost:8098/api/health
----------------------------------------------------------
2026-09-11 20:54:04.512 [background-preinit] INFO  o.h.validator.internal.util.Version - HV000001: Hibernate Validator 8.0.2.Final
2026-09-11 20:54:04.550 [main] INFO  com.miqu.MiquApplication - Starting MiquApplication v1.0.0 using Java 25 with PID 40692 (D:\Projects\Miqu\backend\target\miqu-backend-1.0.0.jar started by 张志鹏 in D:\Projects\Miqu\backend)
2026-09-11 20:54:04.550 [main] DEBUG com.miqu.MiquApplication - Running with Spring Boot v3.4.7, Spring v6.2.8
2026-09-11 20:54:04.551 [main] INFO  com.miqu.MiquApplication - The following 1 profile is active: "local"
2026-09-11 20:54:05.374 [main] INFO  o.s.b.w.e.tomcat.TomcatWebServer - Tomcat initialized with port 8098 (http)
2026-09-11 20:54:05.382 [main] INFO  o.a.coyote.http11.Http11NioProtocol - Initializing ProtocolHandler ["http-nio-8098"]
2026-09-11 20:54:05.384 [main] INFO  o.a.catalina.core.StandardService - Starting service [Tomcat]
2026-09-11 20:54:05.384 [main] INFO  o.a.catalina.core.StandardEngine - Starting Servlet engine: [Apache Tomcat/10.1.42]
2026-09-11 20:54:05.411 [main] INFO  o.a.c.c.C.[Tomcat].[localhost].[/] - Initializing Spring embedded WebApplicationContext
2026-09-11 20:54:05.413 [main] INFO  o.s.b.w.s.c.ServletWebServerApplicationContext - Root WebApplicationContext: initialization completed in 836 ms
2026-09-11 20:54:05.729 [main] DEBUG c.m.security.JwtAuthenticationFilter - Filter 'jwtAuthenticationFilter' configured for use
2026-09-11 20:54:06.224 [main] WARN  o.s.w.s.r.ResourceHandlerUtils - Appended trailing slash to static resource location: file:///D:/Projects/Miqu/backend/uploads/
2026-09-11 20:54:06.396 [main] INFO  o.a.coyote.http11.Http11NioProtocol - Starting ProtocolHandler ["http-nio-8098"]
2026-09-11 20:54:06.421 [main] INFO  o.s.b.w.e.tomcat.TomcatWebServer - Tomcat started on port 8098 (http) with context path '/'
2026-09-11 20:54:06.427 [main] INFO  com.miqu.MiquApplication - Started MiquApplication in 2.269 seconds (process running for 2.529)
2026-09-11 20:54:06.429 [main] INFO  com.zaxxer.hikari.HikariDataSource - MiquHikariPool - Starting...
2026-09-11 20:54:07.566 [main] ERROR com.miqu.MiquApplication - 
============================================================
 启动失败：无法连接数据库
------------------------------------------------------------
 当前配置
   地址    jdbc:mysql://localhost:3306/miqu?serverTimezone=Asia/Shanghai&characterEncoding=utf8&useSSL=false&allowPublicKeyRetrieval=true&rewriteBatchedStatements=true
   用户名  root
 失败原因
   Access denied for user 'root'@'localhost' (using password: YES)
------------------------------------------------------------
 请依次检查

 1) MySQL 是否已启动

 2) 是否提供了数据库口令。
    项目**不把密码写进配置文件**，需通过环境变量传入：

      Git Bash    export DB_USERNAME=root DB_PASSWORD=你的密码
      PowerShell  $env:DB_USERNAME="root"; $env:DB_PASSWORD="你的密码"
      CMD         set DB_USERNAME=root && set DB_PASSWORD=你的密码

    然后重新启动后端。

 3) 数据库是否已初始化：

      mysql -u root -p < database/schema.sql
      mysql -u root -p < database/data.sql

 其他连接参数（换机器时可能需要）：
   DB_HOST（默认 localhost）· DB_PORT（默认 3306）· DB_NAME（默认 miqu）
============================================================

2026-09-11 20:54:07.570 [main] INFO  o.s.b.w.e.tomcat.GracefulShutdown - Commencing graceful shutdown. Waiting for active requests to complete
2026-09-11 20:54:07.572 [tomcat-shutdown] INFO  o.a.coyote.http11.Http11NioProtocol - Pausing ProtocolHandler ["http-nio-8098"]
2026-09-11 20:54:07.579 [tomcat-shutdown] INFO  o.s.b.w.e.tomcat.GracefulShutdown - Graceful shutdown complete
2026-09-11 20:54:07.580 [main] INFO  o.a.coyote.http11.Http11NioProtocol - Stopping ProtocolHandler ["http-nio-8098"]
2026-09-11 20:54:23.673 [background-preinit] INFO  o.h.validator.internal.util.Version - HV000001: Hibernate Validator 8.0.2.Final
2026-09-11 20:54:23.710 [main] INFO  com.miqu.MiquApplication - Starting MiquApplication v1.0.0 using Java 25 with PID 31356 (D:\Projects\Miqu\backend\target\miqu-backend-1.0.0.jar started by 张志鹏 in D:\Projects\Miqu\backend)
2026-09-11 20:54:23.710 [main] DEBUG com.miqu.MiquApplication - Running with Spring Boot v3.4.7, Spring v6.2.8
2026-09-11 20:54:23.710 [main] INFO  com.miqu.MiquApplication - The following 1 profile is active: "local"
2026-09-11 20:54:24.597 [main] INFO  o.s.b.w.e.tomcat.TomcatWebServer - Tomcat initialized with port 8081 (http)
2026-09-11 20:54:24.606 [main] INFO  o.a.coyote.http11.Http11NioProtocol - Initializing ProtocolHandler ["http-nio-8081"]
2026-09-11 20:54:24.607 [main] INFO  o.a.catalina.core.StandardService - Starting service [Tomcat]
2026-09-11 20:54:24.607 [main] INFO  o.a.catalina.core.StandardEngine - Starting Servlet engine: [Apache Tomcat/10.1.42]
2026-09-11 20:54:24.633 [main] INFO  o.a.c.c.C.[Tomcat].[localhost].[/] - Initializing Spring embedded WebApplicationContext
2026-09-11 20:54:24.634 [main] INFO  o.s.b.w.s.c.ServletWebServerApplicationContext - Root WebApplicationContext: initialization completed in 893 ms
2026-09-11 20:54:24.976 [main] DEBUG c.m.security.JwtAuthenticationFilter - Filter 'jwtAuthenticationFilter' configured for use
2026-09-11 20:54:25.494 [main] WARN  o.s.w.s.r.ResourceHandlerUtils - Appended trailing slash to static resource location: file:///D:/Projects/Miqu/backend/uploads/
2026-09-11 20:54:25.688 [main] INFO  o.a.coyote.http11.Http11NioProtocol - Starting ProtocolHandler ["http-nio-8081"]
2026-09-11 20:54:25.713 [main] INFO  o.s.b.w.e.tomcat.TomcatWebServer - Tomcat started on port 8081 (http) with context path '/'
2026-09-11 20:54:25.721 [main] INFO  com.miqu.MiquApplication - Started MiquApplication in 2.397 seconds (process running for 2.655)
2026-09-11 20:54:25.723 [main] INFO  com.zaxxer.hikari.HikariDataSource - MiquHikariPool - Starting...
2026-09-11 20:54:25.829 [main] INFO  com.zaxxer.hikari.pool.HikariPool - MiquHikariPool - Added connection com.mysql.cj.jdbc.ConnectionImpl@60194904
2026-09-11 20:54:25.830 [main] INFO  com.zaxxer.hikari.HikariDataSource - MiquHikariPool - Start completed.
2026-09-11 20:54:25.833 [main] INFO  com.miqu.MiquApplication - 数据库连接正常：jdbc:mysql://localhost:3306/miqu?serverTimezone=Asia/Shanghai&characterEncoding=utf8&useSSL=false&allowPublicKeyRetrieval=true&rewriteBatchedStatements=true
2026-09-11 20:54:25.836 [main] INFO  com.miqu.MiquApplication - 
----------------------------------------------------------
  Miqu 觅取社交系统启动完成
  接口文档: http://localhost:8081/swagger-ui.html
  健康检查: http://localhost:8081/api/health
----------------------------------------------------------
2026-09-11 20:54:54.248 [http-nio-8081-exec-1] INFO  o.a.c.c.C.[Tomcat].[localhost].[/] - Initializing Spring DispatcherServlet 'dispatcherServlet'
2026-09-11 20:54:54.249 [http-nio-8081-exec-1] INFO  o.s.web.servlet.DispatcherServlet - Initializing Servlet 'dispatcherServlet'
2026-09-11 20:54:54.250 [http-nio-8081-exec-1] INFO  o.s.web.servlet.DispatcherServlet - Completed initialization in 1 ms
2026-09-11 20:54:54.994 [http-nio-8081-exec-4] INFO  c.miqu.service.impl.AuthServiceImpl - 用户登录成功: userId=2, username=test001
